"overflow-hidden src","h-fit href","text-sm","flex href","line-clamp-1","font-semibold","max-w-[36px]","max-w-[36px] 2","group-hover:opacity-100 2","flex href 2","line-clamp-1 2","font-semibold 2","group-hover:opacity-100 3","group-hover:opacity-100 4","flex href 3","line-clamp-1 3","font-semibold 3","max-w-[36px] 5","group-hover:opacity-100 5","max-w-[36px] 6","group-hover:opacity-100 6","flex href 4","line-clamp-1 4","font-semibold 4","max-w-[36px] 7","group-hover:opacity-100 7","max-w-[36px] 8","group-hover:opacity-100 8","flex href 5","line-clamp-1 5","font-semibold 5","max-w-[36px] 9","group-hover:opacity-100 9","max-w-[36px] 10","group-hover:opacity-100 10","flex href 6","line-clamp-1 6","font-semibold 6","max-w-[36px] 11","max-w-[36px] 12","group-hover:opacity-100 12","text-text-secondary"
"https://polymarket.com/_next/image?url=https%3A%2F%2Fpolymarket-upload.s3.us-east-2.amazonaws.com%2Flighter-market-cap-fdv-one-day-after-launch-RYYJzkspbftO.jpg&w=1024&q=75","https://polymarket.com/event/lighter-market-cap-fdv-one-day-after-launch","Lighter market cap (FDV) one day after launch?","https://polymarket.com/event/lighter-market-cap-fdv-one-day-after-launch/lighter-market-cap-fdv-1b-one-day-after-launch",">$1B","71%","Yes","No","29%","https://polymarket.com/event/lighter-market-cap-fdv-one-day-after-launch/lighter-market-cap-fdv-2b-one-day-after-launch-332",">$2B","68%","68%","32%","https://polymarket.com/event/lighter-market-cap-fdv-one-day-after-launch/lighter-market-cap-fdv-3b-one-day-after-launch-227",">$3B","38%","Yes","38%","No","62%","https://polymarket.com/event/lighter-market-cap-fdv-one-day-after-launch/lighter-market-cap-fdv-4b-one-day-after-launch-886-225",">$4B","21%","Yes","21%","No","79%","https://polymarket.com/event/lighter-market-cap-fdv-one-day-after-launch/lighter-market-cap-fdv-6b-one-day-after-launch-324-746-197",">$6B","4%","Yes","4%","No","96%","https://polymarket.com/event/lighter-market-cap-fdv-one-day-after-launch/lighter-market-cap-fdv-8b-one-day-after-launch-151-728",">$8B","1%","Yes","No","99%","$51m Vol."
"https://polymarket.com/_next/image?url=https%3A%2F%2Fpolymarket-upload.s3.us-east-2.amazonaws.com%2Flighter-market-cap-fdv-one-day-after-launch-RYYJzkspbftO.jpg&w=1024&q=75","https://polymarket.com/event/lighter-airdop-by","Will lighter perform an airdrop by December 31?","","","","","","","","","","","","","","","","","","","","","","","","","","","","","","","","","","","","","","","$15m Vol."
"https://polymarket.com/_next/image?url=https%3A%2F%2Fpolymarket-upload.s3.us-east-2.amazonaws.com%2Fmetamask-2c974b8baa.png&w=1024&q=75","https://polymarket.com/event/will-metamask-launch-a-token-in-2025","Will MetaMask launch a token by ___ ?","https://polymarket.com/event/will-metamask-launch-a-token-in-2025/will-metamask-launch-a-token-in-2025","December 31","<1%","Yes","No","100%","https://polymarket.com/event/will-metamask-launch-a-token-in-2025/will-metamask-launch-a-token-by-june-30","June 30","60%","60%","40%","https://polymarket.com/event/will-metamask-launch-a-token-in-2025/will-metamask-launch-a-token-by-september-30-2026","September 30","76%","Yes","76%","No","24%","","","","","","","","","","","","","","","","","","","","","$6m Vol."
"https://polymarket.com/_next/image?url=https%3A%2F%2Fpolymarket-upload.s3.us-east-2.amazonaws.com%2Fwill-base-launch-a-token-in-2025-ZEiSLXN1o4m9.jpg&w=1024&q=75","https://polymarket.com/event/will-base-launch-a-token-in-2025-341","Will Base launch a token by ___ ?","https://polymarket.com/event/will-base-launch-a-token-in-2025-341/will-base-launch-a-token-in-2025-341","December 31, 2025","<1%","Yes","No","100%","https://polymarket.com/event/will-base-launch-a-token-in-2025-341/will-base-launch-a-token-by-june-30-2026","June 30, 2026","41%","41%","59%","https://polymarket.com/event/will-base-launch-a-token-in-2025-341/will-base-launch-a-token-by-december-31-2026-154","December 31, 2026","73%","Yes","73%","No","27%","","","","","","","","","","","","","","","","","","","","","$5m Vol."
"https://polymarket.com/_next/image?url=https%3A%2F%2Fpolymarket-upload.s3.us-east-2.amazonaws.com%2Fopensea-airdrop-before-april-NL2BT2uLD5Ny.png&w=1024&q=75","https://polymarket.com/event/will-opensea-launch-a-token-by","Will Opensea launch a token by December 31?","","","","","","","","","","","","","","","","","","","","","","","","","","","","","","","","","","","","","","","$1m Vol."
"https://polymarket.com/_next/image?url=https%3A%2F%2Fpolymarket-upload.s3.us-east-2.amazonaws.com%2Fwill-perena-launch-a-token-by-OM-Y8piJT1i7.jpg&w=1024&q=75","https://polymarket.com/event/will-perena-launch-a-token-by","Will Perena launch a token by ___?","https://polymarket.com/event/will-perena-launch-a-token-by/will-perena-launch-a-token-by-march-31-2026","March 31, 2026","22%","Yes","No","78%","https://polymarket.com/event/will-perena-launch-a-token-by/will-perena-launch-a-token-by-june-30-2026","June 30, 2026","39%","39%","61%","https://polymarket.com/event/will-perena-launch-a-token-by/will-perena-launch-a-token-by-september-30-2026","September 30, 2026","56%","Yes","56%","No","44%","https://polymarket.com/event/will-perena-launch-a-token-by/will-perena-launch-a-token-by-december-31-2026","December 31, 2026","66%","Yes","66%","No","34%","","","","","","","","","","","","","","$58k Vol."
"https://polymarket.com/_next/image?url=https%3A%2F%2Fpolymarket-upload.s3.us-east-2.amazonaws.com%2Fmegaeth-market-cap-fdv-one-day-after-launch-KzYK3qwuIK8t.jpg&w=1024&q=75","https://polymarket.com/event/megaeth-market-cap-fdv-one-day-after-launch","MegaETH market cap (FDV) one day after launch?","https://polymarket.com/event/megaeth-market-cap-fdv-one-day-after-launch/megaeth-market-cap-fdv-1b-one-day-after-launch-gj9e",">$1B","87%","Yes","No","13%","https://polymarket.com/event/megaeth-market-cap-fdv-one-day-after-launch/megaeth-market-cap-fdv-2b-one-day-after-launch-738",">$2B","60%","60%","40%","https://polymarket.com/event/megaeth-market-cap-fdv-one-day-after-launch/megaeth-market-cap-fdv-2b-one-day-after-launch-392-656",">$3B","24%","Yes","24%","No","76%","https://polymarket.com/event/megaeth-market-cap-fdv-one-day-after-launch/megaeth-market-cap-fdv-4b-one-day-after-launch-484-688",">$4B","14%","Yes","14%","No","86%","https://polymarket.com/event/megaeth-market-cap-fdv-one-day-after-launch/megaeth-market-cap-fdv-6b-one-day-after-launch-365-559-334",">$6B","7%","Yes","7%","No","93%","","","","","","","$6m Vol."
"https://polymarket.com/_next/image?url=https%3A%2F%2Fpolymarket-upload.s3.us-east-2.amazonaws.com%2Fwill-titan-launch-a-token-by-ZcVel9fll4xe.jpg&w=1024&q=75","https://polymarket.com/event/will-titan-launch-a-token-by","Will Titan launch a token by ___?","https://polymarket.com/event/will-titan-launch-a-token-by/will-titan-launch-a-token-by-march-31-2026","March 31, 2026","15%","Yes","No","85%","https://polymarket.com/event/will-titan-launch-a-token-by/will-titan-launch-a-token-by-june-30-2026","June 30, 2026","24%","24%","76%","https://polymarket.com/event/will-titan-launch-a-token-by/will-titan-launch-a-token-by-september-30-2026","September 30, 2026","77%","Yes","77%","No","23%","https://polymarket.com/event/will-titan-launch-a-token-by/will-titan-launch-a-token-by-december-31-2026","December 31, 2026","60%","Yes","60%","No","40%","","","","","","","","","","","","","","$54k Vol."
"https://polymarket.com/_next/image?url=https%3A%2F%2Fpolymarket-upload.s3.us-east-2.amazonaws.com%2Fwill-ethgas-launch-a-token-by-fNzy3spfGB5B.jpg&w=1024&q=75","https://polymarket.com/event/will-ethgas-launch-a-token-by","Will ETHGAS launch a token by ___?","https://polymarket.com/event/will-ethgas-launch-a-token-by/will-ethgas-launch-a-token-by-march-31-2026","March 31, 2026","33%","Yes","No","67%","https://polymarket.com/event/will-ethgas-launch-a-token-by/will-ethgas-launch-a-token-by-june-30-2026","June 30, 2026","63%","63%","37%","https://polymarket.com/event/will-ethgas-launch-a-token-by/will-ethgas-launch-a-token-by-september-30-2026","September 30, 2026","66%","Yes","66%","No","34%","https://polymarket.com/event/will-ethgas-launch-a-token-by/will-ethgas-launch-a-token-by-december-31-2026","December 31, 2026","81%","Yes","81%","No","19%","","","","","","","","","","","","","","$76k Vol."
"https://polymarket.com/_next/image?url=https%3A%2F%2Fpolymarket-upload.s3.us-east-2.amazonaws.com%2Fwill-edgex-launch-a-token-in-2025-HYxLQtBesCT8.jpg&w=1024&q=75","https://polymarket.com/event/edgex-fdv-above-one-day-after-launch","edgeX FDV above ___ one day after launch?","https://polymarket.com/event/edgex-fdv-above-one-day-after-launch/edgex-fdv-above-1b-one-day-after-launch","$1B","75%","Yes","No","25%","https://polymarket.com/event/edgex-fdv-above-one-day-after-launch/edgex-fdv-above-2b-one-day-after-launch","$2B","36%","36%","64%","https://polymarket.com/event/edgex-fdv-above-one-day-after-launch/edgex-fdv-above-3b-one-day-after-launch","$3B","18%","Yes","18%","No","82%","https://polymarket.com/event/edgex-fdv-above-one-day-after-launch/edgex-fdv-above-4b-one-day-after-launch","$4B","11%","Yes","11%","No","89%","https://polymarket.com/event/edgex-fdv-above-one-day-after-launch/edgex-fdv-above-5b-one-day-after-launch","$5B","6%","Yes","6%","No","94%","https://polymarket.com/event/edgex-fdv-above-one-day-after-launch/edgex-fdv-above-10b-one-day-after-launch","$10B","2%","Yes","No","98%","$1m Vol."
"https://polymarket.com/_next/image?url=https%3A%2F%2Fpolymarket-upload.s3.us-east-2.amazonaws.com%2Frainbow-fdv-above-one-day-after-launch-_noqG44ZbGLm.png&w=1024&q=75","https://polymarket.com/event/rainbow-fdv-above-one-day-after-launch","Rainbow FDV above ___ one day after launch?","https://polymarket.com/event/rainbow-fdv-above-one-day-after-launch/rainbow-fdv-above-200m-one-day-after-launch-mcy","$200M","1%","Yes","No","99%","https://polymarket.com/event/rainbow-fdv-above-one-day-after-launch/rainbow-fdv-above-500m-one-day-after-launch-636-958","$500M","1%","1%","99%","https://polymarket.com/event/rainbow-fdv-above-one-day-after-launch/rainbow-fdv-above-1b-one-day-after-launch-118-662-499","$1B","1%","Yes","1%","No","99%","https://polymarket.com/event/rainbow-fdv-above-one-day-after-launch/rainbow-fdv-above-3b-one-day-after-launch-443-682-926","$3B","<1%","Yes","<1%","No","100%","","","","","","","","","","","","","","$463k Vol."
"https://polymarket.com/_next/image?url=https%3A%2F%2Fpolymarket-upload.s3.us-east-2.amazonaws.com%2Fwill-loopscale-launch-a-token-by-lwZOIpbom-Kp.png&w=1024&q=75","https://polymarket.com/event/will-loopscale-launch-a-token-by","Will Loopscale launch a token by ___?","https://polymarket.com/event/will-loopscale-launch-a-token-by/will-loopscale-launch-a-token-by-march-31-2026","March 31, 2026","19%","Yes","No","81%","https://polymarket.com/event/will-loopscale-launch-a-token-by/will-loopscale-launch-a-token-by-june-30-2026","June 30, 2026","33%","33%","67%","https://polymarket.com/event/will-loopscale-launch-a-token-by/will-loopscale-launch-a-token-by-september-30-2026","September 30, 2026","30%","Yes","30%","No","70%","https://polymarket.com/event/will-loopscale-launch-a-token-by/will-loopscale-launch-a-token-by-december-31-2026","December 31, 2026","62%","Yes","62%","No","38%","","","","","","","","","","","","","","$49k Vol."
"https://polymarket.com/_next/image?url=https%3A%2F%2Fpolymarket-upload.s3.us-east-2.amazonaws.com%2Fwill-edgex-launch-a-token-in-2025-HYxLQtBesCT8.jpg&w=1024&q=75","https://polymarket.com/event/will-edgex-launch-a-token-in-2025","Will edgeX launch a token in 2025?","","","","","","","","","","","","","","","","","","","","","","","","","","","","","","","","","","","","","","","$789k Vol."
"https://polymarket.com/_next/image?url=https%3A%2F%2Fpolymarket-upload.s3.us-east-2.amazonaws.com%2Fwill-tempo-launch-a-token-by-PZhG3ytiEP4M.png&w=1024&q=75","https://polymarket.com/event/will-tempo-launch-a-token-by","Will Tempo launch a token by ___ ?","https://polymarket.com/event/will-tempo-launch-a-token-by/will-tempo-launch-a-token-by-december-31-2025","December 31, 2025","<1%","Yes","No","100%","https://polymarket.com/event/will-tempo-launch-a-token-by/will-tempo-launch-a-token-by-march-31-2026","March 31, 2026","8%","8%","92%","https://polymarket.com/event/will-tempo-launch-a-token-by/will-tempo-launch-a-token-by-june-30-2026","June 30, 2026","40%","Yes","40%","No","60%","https://polymarket.com/event/will-tempo-launch-a-token-by/will-tempo-launch-a-token-by-september-30-2026","September 30, 2026","72%","Yes","72%","No","28%","https://polymarket.com/event/will-tempo-launch-a-token-by/will-tempo-launch-a-token-by-december-31-2026","December 31, 2026","88%","Yes","88%","No","12%","","","","","","","$460k Vol."
"https://polymarket.com/_next/image?url=https%3A%2F%2Fpolymarket-upload.s3.us-east-2.amazonaws.com%2Fwill-zama-launch-a-token-in-2025-ZUCE5_QLGUxf.png&w=1024&q=75","https://polymarket.com/event/will-zama-launch-a-token-in-2025","Will Zama launch a token in 2025?","","","","","","","","","","","","","","","","","","","","","","","","","","","","","","","","","","","","","","","$426k Vol."
"https://polymarket.com/_next/image?url=https%3A%2F%2Fpolymarket-upload.s3.us-east-2.amazonaws.com%2Fwill-fomofamily-launch-a-token-by-oKYLlu03QuRV.png&w=1024&q=75","https://polymarket.com/event/will-fomofamily-launch-a-token-by","Will fomo.family launch a token by ___ ?","https://polymarket.com/event/will-fomofamily-launch-a-token-by/will-fomo-launch-a-token-by-december-31-2025","December 31, 2025","<1%","Yes","No","100%","https://polymarket.com/event/will-fomofamily-launch-a-token-by/will-fomo-launch-a-token-by-march-31-2026","March 31, 2026","16%","16%","84%","https://polymarket.com/event/will-fomofamily-launch-a-token-by/will-fomo-launch-a-token-by-june-30-2026","June 30, 2026","29%","Yes","29%","No","71%","https://polymarket.com/event/will-fomofamily-launch-a-token-by/will-fomo-launch-a-token-by-september-30-2026","September 30, 2026","38%","Yes","38%","No","62%","https://polymarket.com/event/will-fomofamily-launch-a-token-by/will-fomo-launch-a-token-by-december-31-2026","December 31, 2026","71%","Yes","71%","No","29%","","","","","","","$467k Vol."
"https://polymarket.com/_next/image?url=https%3A%2F%2Fpolymarket-upload.s3.us-east-2.amazonaws.com%2Fwill-variational-launch-a-token-in-2025-ee_1Zk-I3wRG.jpg&w=1024&q=75","https://polymarket.com/event/will-variational-launch-a-token-in-2025","Will Variational launch a token by ___ ?","https://polymarket.com/event/will-variational-launch-a-token-in-2025/will-variational-launch-a-token-in-2025","December 31, 2025","<1%","Yes","No","100%","https://polymarket.com/event/will-variational-launch-a-token-in-2025/will-variational-launch-a-token-by-december-31-2026","December 31, 2026","82%","82%","18%","","","","","","","","","","","","","","","","","","","","","","","","","","","","$166k Vol."
"https://polymarket.com/_next/image?url=https%3A%2F%2Fpolymarket-upload.s3.us-east-2.amazonaws.com%2Fwill-fogo-launch-a-token-by-ERergqgqhwOx.jpg&w=1024&q=75","https://polymarket.com/event/fogo-fdv-above-one-day-after-launch","Fogo FDV above ___ one day after launch?","https://polymarket.com/event/fogo-fdv-above-one-day-after-launch/fogo-fdv-above-300m-one-day-after-launch","$300M","74%","Yes","No","26%","https://polymarket.com/event/fogo-fdv-above-one-day-after-launch/fogo-fdv-above-700m-one-day-after-launch-856","$700M","34%","34%","66%","https://polymarket.com/event/fogo-fdv-above-one-day-after-launch/fogo-fdv-above-1b-one-day-after-launch-639","$1B","17%","Yes","17%","No","83%","https://polymarket.com/event/fogo-fdv-above-one-day-after-launch/fogo-fdv-above-2b-one-day-after-launch-831","$2B","5%","Yes","5%","No","95%","https://polymarket.com/event/fogo-fdv-above-one-day-after-launch/fogo-fdv-above-3b-one-day-after-launch-117","$3B","2%","Yes","2%","No","98%","","","","","","","$880k Vol."
"https://polymarket.com/_next/image?url=https%3A%2F%2Fpolymarket-upload.s3.us-east-2.amazonaws.com%2Fmegaeth-market-cap-fdv-one-day-after-launch-KzYK3qwuIK8t.jpg&w=1024&q=75","https://polymarket.com/event/megaeth-airdrop-by","MegaETH airdrop by...?","https://polymarket.com/event/megaeth-airdrop-by/will-megaeth-perform-an-airdrop-by-december-31","December 31","<1%","Yes","No","100%","https://polymarket.com/event/megaeth-airdrop-by/will-megaeth-perform-an-airdrop-by-june-30","June 30","82%","82%","18%","","","","","","","","","","","","","","","","","","","","","","","","","","","","$485k Vol."
"https://polymarket.com/_next/image?url=https%3A%2F%2Fpolymarket-upload.s3.us-east-2.amazonaws.com%2Fwill-backpack-launch-a-token-by-k9RMGR8hRwMJ.jpg&w=1024&q=75","https://polymarket.com/event/will-backpack-launch-a-token-by","Will Backpack launch a token by ___ ?","https://polymarket.com/event/will-backpack-launch-a-token-by/will-backpack-launch-a-token-by-december-31","December 31, 2025","<1%","Yes","No","100%","https://polymarket.com/event/will-backpack-launch-a-token-by/will-backpack-launch-a-token-by-march-31","March 31, 2026","67%","67%","33%","https://polymarket.com/event/will-backpack-launch-a-token-by/will-backpack-launch-a-token-by-december-31-2026","December 31, 2026","90%","Yes","90%","No","10%","","","","","","","","","","","","","","","","","","","","","$114k Vol."
"https://polymarket.com/_next/image?url=https%3A%2F%2Fpolymarket-upload.s3.us-east-2.amazonaws.com%2Fwill-phantom-launch-a-token-in-2025-mfGjqFl1jxqW.png&w=1024&q=75","https://polymarket.com/event/will-phantom-launch-a-token-in-2025","Will Phantom launch a token in 2025?","","","","","","","","","","","","","","","","","","","","","","","","","","","","","","","","","","","","","","","$146k Vol."
"https://polymarket.com/_next/image?url=https%3A%2F%2Fpolymarket-upload.s3.us-east-2.amazonaws.com%2Fopensea-airdrop-before-april-NL2BT2uLD5Ny.png&w=1024&q=75","https://polymarket.com/event/opensea-fdv-above-one-day-after-launch","Opensea FDV above ___ one day after launch?","https://polymarket.com/event/opensea-fdv-above-one-day-after-launch/opensea-fdv-above-500m-one-day-after-launch","$500M","78%","Yes","No","22%","https://polymarket.com/event/opensea-fdv-above-one-day-after-launch/opensea-fdv-above-1b-one-day-after-launch","$1B","53%","53%","47%","https://polymarket.com/event/opensea-fdv-above-one-day-after-launch/opensea-fdv-above-2b-one-day-after-launch","$2B","24%","Yes","24%","No","76%","https://polymarket.com/event/opensea-fdv-above-one-day-after-launch/opensea-fdv-above-3b-one-day-after-launch-786","$3B","10%","Yes","10%","No","90%","https://polymarket.com/event/opensea-fdv-above-one-day-after-launch/opensea-fdv-above-5b-one-day-after-launch-919","$5B","5%","Yes","5%","No","95%","","","","","","","$1m Vol."
"https://polymarket.com/_next/image?url=https%3A%2F%2Fpolymarket-upload.s3.us-east-2.amazonaws.com%2Fwill-prjx-launch-a-token-in-2025-d11klOxtkU1g.jpg&w=1024&q=75","https://polymarket.com/event/will-prjx-launch-a-token-in-2025","Will prjx launch a token by ___ ?","https://polymarket.com/event/will-prjx-launch-a-token-in-2025/will-prjx-launch-a-token-in-2025","December 31, 2025","<1%","Yes","No","100%","https://polymarket.com/event/will-prjx-launch-a-token-in-2025/will-prjx-launch-a-token-by-december-31-2026","December 31, 2026","68%","68%","32%","","","","","","","","","","","","","","","","","","","","","","","","","","","","$40k Vol."
"https://polymarket.com/_next/image?url=https%3A%2F%2Fpolymarket-upload.s3.us-east-2.amazonaws.com%2Fwill-felix-protocol-launch-a-token-in-2025-H89Z_IDCaaVY.jpg&w=1024&q=75","https://polymarket.com/event/will-felix-protocol-launch-a-token-in-2025","Will Felix Protocol launch a token by ___ ?","https://polymarket.com/event/will-felix-protocol-launch-a-token-in-2025/will-felix-protocol-launch-a-token-in-2025","December 31, 2025","<1%","Yes","No","100%","https://polymarket.com/event/will-felix-protocol-launch-a-token-in-2025/will-felix-protocol-launch-a-token-by-december-31-2026","December 31, 2026","78%","78%","22%","","","","","","","","","","","","","","","","","","","","","","","","","","","","$38k Vol."
"https://polymarket.com/_next/image?url=https%3A%2F%2Fpolymarket-upload.s3.us-east-2.amazonaws.com%2Fwill-pacifica-launch-a-token-by-_F1le2wsW8WR.jpg&w=1024&q=75","https://polymarket.com/event/will-pacifica-launch-a-token-by","Will Pacifica launch a token by ___ ?","https://polymarket.com/event/will-pacifica-launch-a-token-by/will-pacifica-launch-a-token-by-december-31-2025","December 31 2025","<1%","Yes","No","100%","https://polymarket.com/event/will-pacifica-launch-a-token-by/will-pacifica-launch-a-token-by-march-31-2026","March 31 2026","9%","9%","91%","https://polymarket.com/event/will-pacifica-launch-a-token-by/will-pacifica-launch-a-token-by-june-30-2026","June 30 2026","39%","Yes","39%","No","61%","https://polymarket.com/event/will-pacifica-launch-a-token-by/will-pacifica-launch-a-token-by-september-30-2026","September 30 2026","64%","Yes","64%","No","36%","https://polymarket.com/event/will-pacifica-launch-a-token-by/will-pacifica-launch-a-token-by-december-31-2026","December 31 2026","90%","Yes","90%","No","10%","","","","","","","$48k Vol."
"https://polymarket.com/_next/image?url=https%3A%2F%2Fpolymarket-upload.s3.us-east-2.amazonaws.com%2Fwill-theo-launch-a-token-by-17OCOQmgtpMs.png&w=1024&q=75","https://polymarket.com/event/will-theo-launch-a-token-by","Will Theo launch a token by ___ ?","https://polymarket.com/event/will-theo-launch-a-token-by/will-theo-launch-a-token-by-december-31-2025","December 31, 2025","<1%","Yes","No","100%","https://polymarket.com/event/will-theo-launch-a-token-by/will-theo-launch-a-token-by-march-31-2026","March 31, 2026","-","65%","35%","https://polymarket.com/event/will-theo-launch-a-token-by/will-theo-launch-a-token-by-june-30-2026","June 30, 2026","65%","Yes","84%","No","16%","https://polymarket.com/event/will-theo-launch-a-token-by/will-theo-launch-a-token-by-september-30-2026","September 30, 2026","84%","Yes","91%","No","9%","https://polymarket.com/event/will-theo-launch-a-token-by/will-theo-launch-a-token-by-december-31-2026","December 31, 2026","91%","Yes","","No","","","","","","","","$60k Vol."
"https://polymarket.com/_next/image?url=https%3A%2F%2Fpolymarket-upload.s3.us-east-2.amazonaws.com%2Fbased-fdv-above-one-day-after-launch-x_rRcHyrw0Dx.jpg&w=1024&q=75","https://polymarket.com/event/based-fdv-above-one-day-after-launch","Based FDV above ___ one day after launch?","https://polymarket.com/event/based-fdv-above-one-day-after-launch/based-fdv-above-300m-one-day-after-launch","$300M","27%","Yes","No","73%","https://polymarket.com/event/based-fdv-above-one-day-after-launch/based-fdv-above-500m-one-day-after-launch-129","$500M","13%","13%","87%","https://polymarket.com/event/based-fdv-above-one-day-after-launch/based-fdv-above-800m-one-day-after-launch-636-672","$800M","3%","Yes","3%","No","97%","https://polymarket.com/event/based-fdv-above-one-day-after-launch/based-fdv-above-1b-one-day-after-launch-231-799-897","$1B","3%","Yes","3%","No","97%","https://polymarket.com/event/based-fdv-above-one-day-after-launch/based-fdv-above-2b-one-day-after-launch-626-385-394","$2B","2%","Yes","2%","No","98%","https://polymarket.com/event/based-fdv-above-one-day-after-launch/based-fdv-above-3b-one-day-after-launch-467-314-147","$3B","3%","Yes","No","97%","$1m Vol."
"https://polymarket.com/_next/image?url=https%3A%2F%2Fpolymarket-upload.s3.us-east-2.amazonaws.com%2Fwill-ostium-launch-a-token-in-2025-2WMInwUi6onf.jpg&w=1024&q=75","https://polymarket.com/event/will-ostium-launch-a-token-in-2025","Will Ostium launch a token by ___ ?","https://polymarket.com/event/will-ostium-launch-a-token-in-2025/will-ostium-launch-a-token-in-2025","December 31, 2025","<1%","Yes","No","100%","https://polymarket.com/event/will-ostium-launch-a-token-in-2025/will-ostium-launch-a-token-by-december-31-2026","December 31, 2026","67%","67%","33%","","","","","","","","","","","","","","","","","","","","","","","","","","","","$70k Vol."
"https://polymarket.com/_next/image?url=https%3A%2F%2Fpolymarket-upload.s3.us-east-2.amazonaws.com%2Fwill-rabby-launch-a-token-in-2025-ThrEF3vsCsD0.png&w=1024&q=75","https://polymarket.com/event/will-rabby-launch-a-token-in-2025","Will Rabby launch a token in 2025?","","","","","","","","","","","","","","","","","","","","","","","","","","","","","","","","","","","","","","","$131k Vol."
"https://polymarket.com/_next/image?url=https%3A%2F%2Fpolymarket-upload.s3.us-east-2.amazonaws.com%2Fhyperliquid-up-or-down-on-may-22-Fyo58T8HF0AC.jpg&w=1024&q=75","https://polymarket.com/event/hyperliquid-airdop-by","Hyperliquid airdrop by ....?","https://polymarket.com/event/hyperliquid-airdop-by/will-hyperliquid-perform-an-airdrop-by-december-31","December 31","<1%","Yes","No","100%","https://polymarket.com/event/hyperliquid-airdop-by/will-hyperliquid-perform-an-airdrop-by-december-31-2026","December 31, 2026","74%","74%","26%","","","","","","","","","","","","","","","","","","","","","","","","","","","","$365k Vol."
"https://polymarket.com/_next/image?url=https%3A%2F%2Fpolymarket-upload.s3.us-east-2.amazonaws.com%2Fwill-arc-launch-a-token-by-xw3lW0k33W0B.jpg&w=1024&q=75","https://polymarket.com/event/will-arc-launch-a-token-by","Will Arc launch a token by ___ ?","https://polymarket.com/event/will-arc-launch-a-token-by/will-arc-launch-a-token-by-december-31-2025","December 31, 2025","<1%","Yes","No","100%","https://polymarket.com/event/will-arc-launch-a-token-by/will-arc-launch-a-token-by-march-31-2026","March 31, 2026","14%","14%","86%","https://polymarket.com/event/will-arc-launch-a-token-by/will-arc-launch-a-token-by-june-30-2026","June 30, 2026","48%","Yes","48%","No","52%","https://polymarket.com/event/will-arc-launch-a-token-by/will-arc-launch-a-token-by-september-30-2026","September 30, 2026","49%","Yes","49%","No","51%","https://polymarket.com/event/will-arc-launch-a-token-by/will-arc-launch-a-token-by-december-31-2026","December 31, 2026","63%","Yes","63%","No","37%","","","","","","","$24k Vol."
"https://polymarket.com/_next/image?url=https%3A%2F%2Fpolymarket-upload.s3.us-east-2.amazonaws.com%2Fwill-extended-launch-a-token-by-D5bpW_p-APnZ.jpg&w=1024&q=75","https://polymarket.com/event/will-extended-launch-a-token-by","Will Extended launch a token by ___ ?","https://polymarket.com/event/will-extended-launch-a-token-by/will-extended-launch-a-token-by-december-31-2025","December 31, 2025","<1%","Yes","No","100%","https://polymarket.com/event/will-extended-launch-a-token-by/will-extended-launch-a-token-by-march-31-2026","March 31, 2026","5%","5%","95%","https://polymarket.com/event/will-extended-launch-a-token-by/will-extended-launch-a-token-by-june-30-2026","June 30, 2026","57%","Yes","57%","No","43%","https://polymarket.com/event/will-extended-launch-a-token-by/will-extended-launch-a-token-by-september-30-2026","September 30, 2026","85%","Yes","85%","No","15%","https://polymarket.com/event/will-extended-launch-a-token-by/will-extended-launch-a-token-by-december-31-2026","December 31, 2026","90%","Yes","90%","No","10%","","","","","","","$113k Vol."
"https://polymarket.com/_next/image?url=https%3A%2F%2Fpolymarket-upload.s3.us-east-2.amazonaws.com%2Fwill-ventuals-launch-a-token-by-g8QR7UEEfbQ6.png&w=1024&q=75","https://polymarket.com/event/will-ventuals-launch-a-token-by","Will Ventuals launch a token by ___ ?","https://polymarket.com/event/will-ventuals-launch-a-token-by/will-ventuals-launch-a-token-by-december-31-2025","December 31 2025","<1%","Yes","No","100%","https://polymarket.com/event/will-ventuals-launch-a-token-by/will-ventuals-launch-a-token-by-march-31-2026","March 31 2026","18%","18%","82%","https://polymarket.com/event/will-ventuals-launch-a-token-by/will-ventuals-launch-a-token-by-june-30-2026","June 30 2026","-","Yes","58%","No","42%","https://polymarket.com/event/will-ventuals-launch-a-token-by/will-ventuals-launch-a-token-by-september-30-2026","September 30 2026","58%","Yes","77%","No","23%","https://polymarket.com/event/will-ventuals-launch-a-token-by/will-ventuals-launch-a-token-by-december-31-2026","December 31 2026","77%","Yes","","No","","","","","","","","$21k Vol."
"https://polymarket.com/_next/image?url=https%3A%2F%2Fpolymarket-upload.s3.us-east-2.amazonaws.com%2Fwill-abstract-launch-a-token-by-pCw5cW0J1KxN.jpg&w=1024&q=75","https://polymarket.com/event/will-abstract-launch-a-token-in-2025","Will Abstract launch a token by ___?","https://polymarket.com/event/will-abstract-launch-a-token-in-2025/will-abstract-launch-a-token-in-2025","December 31, 2025","<1%","Yes","No","100%","https://polymarket.com/event/will-abstract-launch-a-token-in-2025/will-abstract-launch-a-token-by-december-31-2026","December 31, 2026","57%","57%","43%","","","","","","","","","","","","","","","","","","","","","","","","","","","","$176k Vol."
"https://polymarket.com/_next/image?url=https%3A%2F%2Fpolymarket-upload.s3.us-east-2.amazonaws.com%2Fpuffpaw-fdv-above-one-day-after-launch-LifCgtfa8s9_.jpg&w=1024&q=75","https://polymarket.com/event/puffpaw-fdv-above-one-day-after-launch","Puffpaw FDV above ___ one day after launch?","https://polymarket.com/event/puffpaw-fdv-above-one-day-after-launch/puffpaw-fdv-above-50m-one-day-after-launch","$50M","46%","Yes","No","54%","https://polymarket.com/event/puffpaw-fdv-above-one-day-after-launch/puffpaw-fdv-above-100m-one-day-after-launch","$100M","33%","33%","67%","https://polymarket.com/event/puffpaw-fdv-above-one-day-after-launch/puffpaw-fdv-above-200m-one-day-after-launch","$200M","25%","Yes","25%","No","75%","https://polymarket.com/event/puffpaw-fdv-above-one-day-after-launch/puffpaw-fdv-above-300m-one-day-after-launch","$300M","6%","Yes","6%","No","94%","","","","","","","","","","","","","","$75k Vol."
"https://polymarket.com/_next/image?url=https%3A%2F%2Fpolymarket-upload.s3.us-east-2.amazonaws.com%2Fwill-unit-launch-a-token-in-2025-5FEfPHWyU7E7.jpg&w=1024&q=75","https://polymarket.com/event/will-unit-launch-a-token-in-2025","Will Unit launch a token by ___ ?","https://polymarket.com/event/will-unit-launch-a-token-in-2025/will-unit-launch-a-token-in-2025","December 31, 2025","<1%","Yes","No","100%","https://polymarket.com/event/will-unit-launch-a-token-in-2025/will-unit-launch-a-token-by-december-31-2026","December 31, 2026","42%","42%","58%","","","","","","","","","","","","","","","","","","","","","","","","","","","","$55k Vol."
"https://polymarket.com/_next/image?url=https%3A%2F%2Fpolymarket-upload.s3.us-east-2.amazonaws.com%2Fpumpfun-launch-a-token-by-RzTi7_aC42Qa.png&w=1024&q=75","https://polymarket.com/event/pumpfun-airdop-by","Pump.fun airdrop by ....?","https://polymarket.com/event/pumpfun-airdop-by/will-pumpfun-perform-an-airdrop-by-december-31","December 31","1%","Yes","No","99%","https://polymarket.com/event/pumpfun-airdop-by/will-pumpfun-perform-an-airdrop-by-march-31","March 31","14%","14%","86%","","","","","","","","","","","","","","","","","","","","","","","","","","","","$2m Vol."
"https://polymarket.com/_next/image?url=https%3A%2F%2Fpolymarket-upload.s3.us-east-2.amazonaws.com%2Fwill-infinex-launch-a-token-this-year-2ODwjGRZqGL-.jpg&w=1024&q=75","https://polymarket.com/event/infinex-fdv-above-one-day-after-launch","Infinex FDV above ___ one day after launch?","https://polymarket.com/event/infinex-fdv-above-one-day-after-launch/infinex-fdv-above-200m-one-day-after-launch","$200M","61%","Yes","No","39%","https://polymarket.com/event/infinex-fdv-above-one-day-after-launch/infinex-fdv-above-300m-one-day-after-launch","$300M","26%","26%","74%","https://polymarket.com/event/infinex-fdv-above-one-day-after-launch/infinex-fdv-above-400m-one-day-after-launch-564-812","$400M","24%","Yes","24%","No","76%","https://polymarket.com/event/infinex-fdv-above-one-day-after-launch/infinex-fdv-above-600m-one-day-after-launch-441-573-316","$600M","10%","Yes","10%","No","90%","https://polymarket.com/event/infinex-fdv-above-one-day-after-launch/infinex-fdv-above-800m-one-day-after-launch-393-111-987-237","$800M","7%","Yes","7%","No","93%","https://polymarket.com/event/infinex-fdv-above-one-day-after-launch/infinex-fdv-above-1b-one-day-after-launch-265-983-979-783-542","$1B","3%","Yes","No","97%","$168k Vol."
"https://polymarket.com/_next/image?url=https%3A%2F%2Fpolymarket-upload.s3.us-east-2.amazonaws.com%2Fwill-exponent-launch-a-token-by-3tDGeRlwnkAP.jpg&w=1024&q=75","https://polymarket.com/event/will-exponent-launch-a-token-by","Will Exponent launch a token by ___?","https://polymarket.com/event/will-exponent-launch-a-token-by/will-exponent-launch-a-token-by-march-31-2026","March 31, 2026","12%","Yes","No","88%","https://polymarket.com/event/will-exponent-launch-a-token-by/will-exponent-launch-a-token-by-june-30-2026","June 30, 2026","44%","44%","56%","https://polymarket.com/event/will-exponent-launch-a-token-by/will-exponent-launch-a-token-by-september-30-2026","September 30, 2026","59%","Yes","59%","No","41%","https://polymarket.com/event/will-exponent-launch-a-token-by/will-exponent-launch-a-token-by-december-31-2026","December 31, 2026","73%","Yes","73%","No","27%","","","","","","","","","","","","","","$61k Vol."
"https://polymarket.com/_next/image?url=https%3A%2F%2Fpolymarket-upload.s3.us-east-2.amazonaws.com%2Fwill-sentient-launch-a-token-in-2025-jWZGMwqJlYLe.jpg&w=1024&q=75","https://polymarket.com/event/sentient-fdv-above-one-day-after-launch","Sentient FDV above ___ one day after launch?","https://polymarket.com/event/sentient-fdv-above-one-day-after-launch/sentient-fdv-above-200m-one-day-after-launch","$200M","92%","Yes","No","8%","https://polymarket.com/event/sentient-fdv-above-one-day-after-launch/sentient-fdv-above-400m-one-day-after-launch","$400M","82%","82%","18%","https://polymarket.com/event/sentient-fdv-above-one-day-after-launch/sentient-fdv-above-600m-one-day-after-launch","$600M","74%","Yes","74%","No","26%","https://polymarket.com/event/sentient-fdv-above-one-day-after-launch/sentient-fdv-above-800m-one-day-after-launch","$800M","55%","Yes","55%","No","45%","https://polymarket.com/event/sentient-fdv-above-one-day-after-launch/sentient-fdv-above-1b-one-day-after-launch","$1B","32%","Yes","32%","No","68%","https://polymarket.com/event/sentient-fdv-above-one-day-after-launch/sentient-fdv-above-2b-one-day-after-launch","$2B","14%","Yes","No","86%","$197k Vol."
"https://polymarket.com/_next/image?url=https%3A%2F%2Fpolymarket-upload.s3.us-east-2.amazonaws.com%2Fwill-usdai-launch-a-token-in-2025-w6etzDPxY-dL.jpg&w=1024&q=75","https://polymarket.com/event/usdai-fdv-above-one-day-after-launch","USD.AI FDV above ___ one day after launch?","https://polymarket.com/event/usdai-fdv-above-one-day-after-launch/usdai-fdv-above-300m-one-day-after-launch","$300M","79%","Yes","No","21%","https://polymarket.com/event/usdai-fdv-above-one-day-after-launch/usdai-fdv-above-500m-one-day-after-launch","$500M","59%","59%","41%","https://polymarket.com/event/usdai-fdv-above-one-day-after-launch/usdai-fdv-above-800m-one-day-after-launch","$800M","30%","Yes","30%","No","70%","https://polymarket.com/event/usdai-fdv-above-one-day-after-launch/usdai-fdv-above-1b-one-day-after-launch","$1B","20%","Yes","20%","No","80%","https://polymarket.com/event/usdai-fdv-above-one-day-after-launch/usdai-fdv-above-2b-one-day-after-launch","$2B","12%","Yes","12%","No","88%","https://polymarket.com/event/usdai-fdv-above-one-day-after-launch/usdai-fdv-above-3b-one-day-after-launch","$3B","7%","Yes","No","93%","$63k Vol."
"https://polymarket.com/_next/image?url=https%3A%2F%2Fpolymarket-upload.s3.us-east-2.amazonaws.com%2Fwill-backpack-launch-a-token-by-k9RMGR8hRwMJ.jpg&w=1024&q=75","https://polymarket.com/event/backpack-fdv-above-one-day-after-launch","Backpack FDV above ___ one day after launch?","https://polymarket.com/event/backpack-fdv-above-one-day-after-launch/backpack-fdv-above-700m-one-day-after-launch","$700M","72%","Yes","No","28%","https://polymarket.com/event/backpack-fdv-above-one-day-after-launch/backpack-fdv-above-1b-one-day-after-launch-512","$1B","59%","59%","41%","https://polymarket.com/event/backpack-fdv-above-one-day-after-launch/backpack-fdv-above-2b-one-day-after-launch-888","$2B","26%","Yes","26%","No","74%","https://polymarket.com/event/backpack-fdv-above-one-day-after-launch/backpack-fdv-above-3b-one-day-after-launch-659","$3B","13%","Yes","13%","No","87%","https://polymarket.com/event/backpack-fdv-above-one-day-after-launch/backpack-fdv-above-4b-one-day-after-launch-847","$4B","9%","Yes","9%","No","91%","https://polymarket.com/event/backpack-fdv-above-one-day-after-launch/backpack-fdv-above-5b-one-day-after-launch-278","$5B","4%","Yes","No","96%","$422k Vol."
"https://polymarket.com/_next/image?url=https%3A%2F%2Fpolymarket-upload.s3.us-east-2.amazonaws.com%2Fmetamask-2c974b8baa.png&w=1024&q=75","https://polymarket.com/event/metamask-fdv-above-one-day-after-launch","Metamask FDV above ___ one day after launch?","https://polymarket.com/event/metamask-fdv-above-one-day-after-launch/metamask-fdv-above-700m-one-day-after-launch","$700M","79%","Yes","No","21%","https://polymarket.com/event/metamask-fdv-above-one-day-after-launch/metamask-fdv-above-1b-one-day-after-launch","$1B","56%","56%","44%","https://polymarket.com/event/metamask-fdv-above-one-day-after-launch/metamask-fdv-above-2b-one-day-after-launch","$2B","29%","Yes","29%","No","71%","https://polymarket.com/event/metamask-fdv-above-one-day-after-launch/metamask-fdv-above-3b-one-day-after-launch-363","$3B","18%","Yes","18%","No","82%","https://polymarket.com/event/metamask-fdv-above-one-day-after-launch/metamask-fdv-above-4b-one-day-after-launch","$4B","15%","Yes","15%","No","85%","","","","","","","$346k Vol."
"https://polymarket.com/_next/image?url=https%3A%2F%2Fpolymarket-upload.s3.us-east-2.amazonaws.com%2Fgensyn-fdv-above-one-day-after-launch-k4jAvOyGsAKv.jpg&w=1024&q=75","https://polymarket.com/event/gensyn-fdv-above-one-day-after-launch","Gensyn FDV above ___ one day after launch?","https://polymarket.com/event/gensyn-fdv-above-one-day-after-launch/gensyn-fdv-above-400m-one-day-after-launch","$400M","56%","Yes","No","44%","https://polymarket.com/event/gensyn-fdv-above-one-day-after-launch/gensyn-fdv-above-600m-one-day-after-launch-397","$600M","26%","26%","74%","https://polymarket.com/event/gensyn-fdv-above-one-day-after-launch/gensyn-fdv-above-800m-one-day-after-launch-189","$800M","12%","Yes","12%","No","88%","https://polymarket.com/event/gensyn-fdv-above-one-day-after-launch/gensyn-fdv-above-1b-one-day-after-launch-668","$1B","8%","Yes","8%","No","92%","https://polymarket.com/event/gensyn-fdv-above-one-day-after-launch/gensyn-fdv-above-1pt5b-one-day-after-launch-978","$1.5B","2%","Yes","2%","No","98%","https://polymarket.com/event/gensyn-fdv-above-one-day-after-launch/gensyn-fdv-above-2b-one-day-after-launch-993","$2B","3%","Yes","No","97%","$179k Vol."
"https://polymarket.com/_next/image?url=https%3A%2F%2Fpolymarket-upload.s3.us-east-2.amazonaws.com%2Fwill-solstice-launch-a-token-by-6xdUTCnxokbI.png&w=1024&q=75","https://polymarket.com/event/solstice-fdv-above-one-day-after-launch","Solstice FDV above ___ one day after launch?","https://polymarket.com/event/solstice-fdv-above-one-day-after-launch/solstice-fdv-above-50m-one-day-after-launch","$50M","68%","Yes","No","32%","https://polymarket.com/event/solstice-fdv-above-one-day-after-launch/solstice-fdv-above-100m-one-day-after-launch","$100M","37%","37%","63%","https://polymarket.com/event/solstice-fdv-above-one-day-after-launch/solstice-fdv-above-200m-one-day-after-launch","$200M","10%","Yes","10%","No","90%","https://polymarket.com/event/solstice-fdv-above-one-day-after-launch/solstice-fdv-above-300m-one-day-after-launch","$300M","4%","Yes","4%","No","96%","https://polymarket.com/event/solstice-fdv-above-one-day-after-launch/solstice-fdv-above-400m-one-day-after-launch","$400M","4%","Yes","4%","No","96%","","","","","","","$118k Vol."
"https://polymarket.com/_next/image?url=https%3A%2F%2Fpolymarket-upload.s3.us-east-2.amazonaws.com%2Faxiom-daily-fees-above-5m-in-2025-3kDE7f1homOF.jpg&w=1024&q=75","https://polymarket.com/event/will-axiom-launch-a-token-in-2025","Will Axiom launch a token by ___ ?","https://polymarket.com/event/will-axiom-launch-a-token-in-2025/will-axiom-launch-a-token-in-2025","December 31, 2025","<1%","Yes","No","100%","https://polymarket.com/event/will-axiom-launch-a-token-in-2025/will-axiom-launch-a-token-by-december-31-2026","December 31, 2026","-","","","","","","","","","","","","","","","","","","","","","","","","","","","","","","$15k Vol."
"https://polymarket.com/_next/image?url=https%3A%2F%2Fpolymarket-upload.s3.us-east-2.amazonaws.com%2Fwill-infinex-launch-a-token-this-year-2ODwjGRZqGL-.jpg&w=1024&q=75","https://polymarket.com/event/will-infinex-launch-a-token-this-year","Will Infinex launch a token by ___ ?","https://polymarket.com/event/will-infinex-launch-a-token-this-year/will-infinex-launch-a-token-this-year","December 31, 2025","<1%","Yes","No","100%","https://polymarket.com/event/will-infinex-launch-a-token-this-year/will-infinex-launch-a-token-by-march-31-2026","March 31, 2026","95%","95%","5%","https://polymarket.com/event/will-infinex-launch-a-token-this-year/will-infinex-launch-a-token-by-june-30-2026","June 30, 2026","96%","Yes","96%","No","4%","","","","","","","","","","","","","","","","","","","","","$94k Vol."
"https://polymarket.com/_next/image?url=https%3A%2F%2Fpolymarket-upload.s3.us-east-2.amazonaws.com%2Fwill-fogo-launch-a-token-by-ERergqgqhwOx.jpg&w=1024&q=75","https://polymarket.com/event/will-fogo-launch-a-token-by","Will Fogo launch a token by ___ ?","https://polymarket.com/event/will-fogo-launch-a-token-by/will-fogo-launch-a-token-by-december-31-2025","December 31, 2025","<1%","Yes","No","100%","https://polymarket.com/event/will-fogo-launch-a-token-by/will-fogo-launch-a-token-by-march-31-2026","March 31, 2026","96%","96%","4%","https://polymarket.com/event/will-fogo-launch-a-token-by/will-fogo-launch-a-token-by-june-30-2026","June 30, 2026","97%","Yes","97%","No","3%","https://polymarket.com/event/will-fogo-launch-a-token-by/will-fogo-launch-a-token-by-september-30-2026","September 30, 2026","96%","Yes","96%","No","4%","https://polymarket.com/event/will-fogo-launch-a-token-by/will-fogo-launch-a-token-by-december-31-2026","December 31, 2026","96%","Yes","96%","No","4%","","","","","","","$90k Vol."
"https://polymarket.com/_next/image?url=https%3A%2F%2Fpolymarket-upload.s3.us-east-2.amazonaws.com%2Fwill-sentient-launch-a-token-in-2025-jWZGMwqJlYLe.jpg&w=1024&q=75","https://polymarket.com/event/will-sentient-launch-a-token-in-2025","Will Sentient launch a token in 2025?","","","","","","","","","","","","","","","","","","","","","","","","","","","","","","","","","","","","","","","$343k Vol."
"https://polymarket.com/_next/image?url=https%3A%2F%2Fpolymarket-upload.s3.us-east-2.amazonaws.com%2Fwill-trove-launch-a-token-by-Zh8fnhkHGXRv.jpg&w=1024&q=75","https://polymarket.com/event/trove-fdv-above-one-day-after-launch","Trove FDV above ___ one day after launch?","https://polymarket.com/event/trove-fdv-above-one-day-after-launch/trove-fdv-above-20m-one-day-after-launch","$20M","47%","Yes","No","53%","https://polymarket.com/event/trove-fdv-above-one-day-after-launch/trove-fdv-above-40m-one-day-after-launch","$40M","20%","20%","80%","https://polymarket.com/event/trove-fdv-above-one-day-after-launch/trove-fdv-above-60m-one-day-after-launch","$60M","11%","Yes","11%","No","89%","https://polymarket.com/event/trove-fdv-above-one-day-after-launch/trove-fdv-above-80m-one-day-after-launch","$80M","9%","Yes","9%","No","91%","https://polymarket.com/event/trove-fdv-above-one-day-after-launch/trove-fdv-above-100m-one-day-after-launch","$100M","4%","Yes","4%","No","96%","","","","","","","$146k Vol."
"https://polymarket.com/_next/image?url=https%3A%2F%2Fpolymarket-upload.s3.us-east-2.amazonaws.com%2Fwill-oro-launch-a-token-by-OqQ3scBB-fxm.jpg&w=1024&q=75","https://polymarket.com/event/will-oro-launch-a-token-by","Will Oro launch a token by ___?","https://polymarket.com/event/will-oro-launch-a-token-by/will-oro-launch-a-token-by-march-31-2026","March 31, 2026","34%","Yes","No","66%","https://polymarket.com/event/will-oro-launch-a-token-by/will-oro-launch-a-token-by-june-30-2026","June 30, 2026","43%","43%","57%","https://polymarket.com/event/will-oro-launch-a-token-by/will-oro-launch-a-token-by-september-30-2026","September 30, 2026","59%","Yes","59%","No","41%","https://polymarket.com/event/will-oro-launch-a-token-by/will-oro-launch-a-token-by-december-31-2026","December 31, 2026","65%","Yes","65%","No","35%","","","","","","","","","","","","","","$18k Vol."
"https://polymarket.com/_next/image?url=https%3A%2F%2Fpolymarket-upload.s3.us-east-2.amazonaws.com%2Fwill-standx-launch-a-token-in-2025-XZgR89YnRKtF.png&w=1024&q=75","https://polymarket.com/event/standx-fdv-above-one-day-after-launch","StandX FDV above ___ one day after launch?","https://polymarket.com/event/standx-fdv-above-one-day-after-launch/standx-fdv-above-800m-one-day-after-launch-732-932","$800M","48%","Yes","No","52%","https://polymarket.com/event/standx-fdv-above-one-day-after-launch/standx-fdv-above-1b-one-day-after-launch-758-887","$1B","41%","41%","59%","https://polymarket.com/event/standx-fdv-above-one-day-after-launch/standx-fdv-above-2b-one-day-after-launch-143-135","$2B","11%","Yes","11%","No","89%","https://polymarket.com/event/standx-fdv-above-one-day-after-launch/standx-fdv-above-3b-one-day-after-launch-573-228","$3B","5%","Yes","5%","No","95%","https://polymarket.com/event/standx-fdv-above-one-day-after-launch/standx-fdv-above-5b-one-day-after-launch-536-723","$5B","3%","Yes","3%","No","97%","https://polymarket.com/event/standx-fdv-above-one-day-after-launch/standx-fdv-above-7b-one-day-after-launch-218","$7B","3%","Yes","No","97%","$494k Vol."
"https://polymarket.com/_next/image?url=https%3A%2F%2Fpolymarket-upload.s3.us-east-2.amazonaws.com%2Fwill-nansen-launch-a-token-by-mkiQbOkPY5DI.png&w=1024&q=75","https://polymarket.com/event/will-nansen-launch-a-token-by","Will Nansen launch a token by ___?","https://polymarket.com/event/will-nansen-launch-a-token-by/will-nansen-launch-a-token-by-march-31-2026","March 31, 2026","7%","Yes","No","93%","https://polymarket.com/event/will-nansen-launch-a-token-by/will-nansen-launch-a-token-by-june-30-2026","June 30, 2026","33%","33%","67%","https://polymarket.com/event/will-nansen-launch-a-token-by/will-nansen-launch-a-token-by-september-30-2026","September 30, 2026","47%","Yes","47%","No","53%","https://polymarket.com/event/will-nansen-launch-a-token-by/will-nansen-launch-a-token-by-december-31-2026","December 31, 2026","71%","Yes","71%","No","29%","","","","","","","","","","","","","","$30k Vol."
"https://polymarket.com/_next/image?url=https%3A%2F%2Fpolymarket-upload.s3.us-east-2.amazonaws.com%2Fwill-zama-launch-a-token-in-2025-ZUCE5_QLGUxf.png&w=1024&q=75","https://polymarket.com/event/zama-fdv-above-one-day-after-launch","Zama FDV above ___ one day after launch?","https://polymarket.com/event/zama-fdv-above-one-day-after-launch/zama-fdv-above-600m-one-day-after-launch-rupw","$600M","71%","Yes","No","29%","https://polymarket.com/event/zama-fdv-above-one-day-after-launch/zama-fdv-above-800m-one-day-after-launch-122","$800M","35%","35%","65%","https://polymarket.com/event/zama-fdv-above-one-day-after-launch/zama-fdv-above-1b-one-day-after-launch-982","$1B","19%","Yes","19%","No","81%","https://polymarket.com/event/zama-fdv-above-one-day-after-launch/zama-fdv-above-2b-one-day-after-launch-318","$2B","8%","Yes","8%","No","92%","https://polymarket.com/event/zama-fdv-above-one-day-after-launch/zama-fdv-above-3b-one-day-after-launch-549","$3B","3%","Yes","3%","No","97%","https://polymarket.com/event/zama-fdv-above-one-day-after-launch/zama-fdv-above-4b-one-day-after-launch-328","$4B","5%","Yes","No","95%","$48k Vol."
"https://polymarket.com/_next/image?url=https%3A%2F%2Fpolymarket-upload.s3.us-east-2.amazonaws.com%2Ffootballfun-fdv-above-one-day-after-launch-ij-sd7XY619_.jpg&w=1024&q=75","https://polymarket.com/event/footballfun-fdv-above-one-day-after-launch","Football.Fun FDV above ___ one day after launch?","https://polymarket.com/event/footballfun-fdv-above-one-day-after-launch/footballfun-fdv-above-70m-one-day-after-launch","$70M","71%","Yes","No","29%","https://polymarket.com/event/footballfun-fdv-above-one-day-after-launch/footballfun-fdv-above-100m-one-day-after-launch-im46","$100M","35%","35%","65%","https://polymarket.com/event/footballfun-fdv-above-one-day-after-launch/footballfun-fdv-above-200m-one-day-after-launch-xh08","$200M","14%","Yes","14%","No","86%","https://polymarket.com/event/footballfun-fdv-above-one-day-after-launch/footballfun-fdv-above-300m-one-day-after-launch","$300M","5%","Yes","5%","No","95%","https://polymarket.com/event/footballfun-fdv-above-one-day-after-launch/footballfun-fdv-above-500m-one-day-after-launch-276-512-182-316","$500M","2%","Yes","2%","No","98%","https://polymarket.com/event/footballfun-fdv-above-one-day-after-launch/footballfun-fdv-above-1b-one-day-after-launch-116-586-393-244","$1B","2%","Yes","No","98%","$151k Vol."
"https://polymarket.com/_next/image?url=https%3A%2F%2Fpolymarket-upload.s3.us-east-2.amazonaws.com%2Franger-fdv-above-one-day-after-launch-xNXDXjGh8vSB.jpg&w=1024&q=75","https://polymarket.com/event/ranger-fdv-above-one-day-after-launch","Ranger FDV above ___ one day after launch?","https://polymarket.com/event/ranger-fdv-above-one-day-after-launch/ranger-fdv-above-15m-one-day-after-launch","$15M","88%","Yes","No","12%","https://polymarket.com/event/ranger-fdv-above-one-day-after-launch/ranger-fdv-above-20m-one-day-after-launch","$20M","71%","71%","29%","https://polymarket.com/event/ranger-fdv-above-one-day-after-launch/ranger-fdv-above-30m-one-day-after-launch","$30M","66%","Yes","66%","No","34%","https://polymarket.com/event/ranger-fdv-above-one-day-after-launch/ranger-fdv-above-40m-one-day-after-launch","$40M","35%","Yes","35%","No","65%","https://polymarket.com/event/ranger-fdv-above-one-day-after-launch/ranger-fdv-above-50m-one-day-after-launch","$50M","23%","Yes","23%","No","77%","https://polymarket.com/event/ranger-fdv-above-one-day-after-launch/ranger-fdv-above-60m-one-day-after-launch","$60M","11%","Yes","No","89%","$23k Vol."
"https://polymarket.com/_next/image?url=https%3A%2F%2Fpolymarket-upload.s3.us-east-2.amazonaws.com%2Fparadex-fdv-above-one-day-after-launch-eR5V5R1Il9Uh.png&w=1024&q=75","https://polymarket.com/event/will-paradex-launch-a-token-by","Will Paradex launch a token by ___?","https://polymarket.com/event/will-paradex-launch-a-token-by/will-paradex-launch-a-token-by-december-31-2025","December 31, 2025","<1%","Yes","No","100%","https://polymarket.com/event/will-paradex-launch-a-token-by/will-paradex-launch-a-token-by-december-31-2025-64ac","February 28, 2026","62%","62%","38%","https://polymarket.com/event/will-paradex-launch-a-token-by/will-paradex-launch-a-token-by-march-31-2026-328","March 31, 2026","86%","Yes","86%","No","14%","https://polymarket.com/event/will-paradex-launch-a-token-by/will-paradex-launch-a-token-by-april-30-2026","April 30, 2026","86%","Yes","86%","No","14%","https://polymarket.com/event/will-paradex-launch-a-token-by/will-paradex-launch-a-token-by-may-31-2026-jifd","May 31, 2026","93%","Yes","93%","No","7%","https://polymarket.com/event/will-paradex-launch-a-token-by/will-paradex-launch-a-token-by-june-30-2026-979-291-481","June 30, 2026","96%","Yes","No","4%","$49k Vol."
"https://polymarket.com/_next/image?url=https%3A%2F%2Fpolymarket-upload.s3.us-east-2.amazonaws.com%2Fwill-solstice-launch-a-token-by-6xdUTCnxokbI.png&w=1024&q=75","https://polymarket.com/event/will-solstice-launch-a-token-by","Will Solstice launch a token by ___ ?","https://polymarket.com/event/will-solstice-launch-a-token-by/will-solstice-launch-a-token-by-december-31-2025","December 31, 2025","1%","Yes","No","99%","https://polymarket.com/event/will-solstice-launch-a-token-by/will-solstice-launch-a-token-by-march-31-2026","March 31, 2026","90%","90%","10%","https://polymarket.com/event/will-solstice-launch-a-token-by/will-solstice-launch-a-token-by-june-30-2026","June 30, 2026","96%","Yes","96%","No","4%","https://polymarket.com/event/will-solstice-launch-a-token-by/will-solstice-launch-a-token-by-september-30-2026","September 30, 2026","96%","Yes","96%","No","4%","https://polymarket.com/event/will-solstice-launch-a-token-by/will-solstice-launch-a-token-by-december-31-2026","December 31, 2026","97%","Yes","97%","No","3%","","","","","","","$156k Vol."
"https://polymarket.com/_next/image?url=https%3A%2F%2Fpolymarket-upload.s3.us-east-2.amazonaws.com%2Fwill-usdai-launch-a-token-in-2025-w6etzDPxY-dL.jpg&w=1024&q=75","https://polymarket.com/event/will-usdai-launch-a-token-in-2025","Will USD.AI launch a token by ___ ?","https://polymarket.com/event/will-usdai-launch-a-token-in-2025/will-usdai-launch-a-token-in-2025","December 31","<1%","Yes","No","100%","https://polymarket.com/event/will-usdai-launch-a-token-in-2025/will-usdai-launch-a-token-by-march-31","March 31, 2026","71%","71%","29%","","","","","","","","","","","","","","","","","","","","","","","","","","","","$84k Vol."
"https://polymarket.com/_next/image?url=https%3A%2F%2Fpolymarket-upload.s3.us-east-2.amazonaws.com%2Fwill-trove-launch-a-token-by-Zh8fnhkHGXRv.jpg&w=1024&q=75","https://polymarket.com/event/will-trove-launch-a-token-by","Will Trove launch a token by ___?","https://polymarket.com/event/will-trove-launch-a-token-by/will-trove-launch-a-token-by-march-31-2026","March 31, 2026","59%","Yes","No","41%","https://polymarket.com/event/will-trove-launch-a-token-by/will-trove-launch-a-token-by-june-30-2026","June 30, 2026","68%","68%","32%","https://polymarket.com/event/will-trove-launch-a-token-by/will-trove-launch-a-token-by-september-30-2026","September 30, 2026","86%","Yes","86%","No","14%","https://polymarket.com/event/will-trove-launch-a-token-by/will-trove-launch-a-token-by-december-31-2026","December 31, 2026","93%","Yes","93%","No","7%","","","","","","","","","","","","","","$17k Vol."
"https://polymarket.com/_next/image?url=https%3A%2F%2Fpolymarket-upload.s3.us-east-2.amazonaws.com%2Fwill-variational-launch-a-token-in-2025-ee_1Zk-I3wRG.jpg&w=1024&q=75","https://polymarket.com/event/variational-fdv-above-one-day-after-launch","Variational FDV above ___ one day after launch?","https://polymarket.com/event/variational-fdv-above-one-day-after-launch/variational-fdv-above-500m-one-day-after-launch","$500M","62%","Yes","No","38%","https://polymarket.com/event/variational-fdv-above-one-day-after-launch/variational-fdv-above-800m-one-day-after-launch-842","$800M","38%","38%","62%","https://polymarket.com/event/variational-fdv-above-one-day-after-launch/variational-fdv-above-1b-one-day-after-launch-636","$1B","16%","Yes","16%","No","84%","https://polymarket.com/event/variational-fdv-above-one-day-after-launch/variational-fdv-above-2b-one-day-after-launch-713","$2B","14%","Yes","14%","No","86%","https://polymarket.com/event/variational-fdv-above-one-day-after-launch/variational-fdv-above-3b-one-day-after-launch-846","$3B","10%","Yes","10%","No","90%","https://polymarket.com/event/variational-fdv-above-one-day-after-launch/variational-fdv-above-4b-one-day-after-launch-174","$4B","10%","Yes","No","90%","$12k Vol."
"https://polymarket.com/_next/image?url=https%3A%2F%2Fpolymarket-upload.s3.us-east-2.amazonaws.com%2Fparadex-fdv-above-one-day-after-launch-eR5V5R1Il9Uh.png&w=1024&q=75","https://polymarket.com/event/paradex-fdv-above-one-day-after-launch","Paradex FDV above ___ one day after launch?","https://polymarket.com/event/paradex-fdv-above-one-day-after-launch/paradex-fdv-above-300m-one-day-after-launch","$300M","62%","Yes","No","38%","https://polymarket.com/event/paradex-fdv-above-one-day-after-launch/paradex-fdv-above-500m-one-day-after-launch-436","$500M","38%","38%","62%","https://polymarket.com/event/paradex-fdv-above-one-day-after-launch/paradex-fdv-above-750m-one-day-after-launch-941-758","$750M","19%","Yes","19%","No","81%","https://polymarket.com/event/paradex-fdv-above-one-day-after-launch/paradex-fdv-above-1pt5b-one-day-after-launch-362-245","$1.5B","13%","Yes","13%","No","87%","https://polymarket.com/event/paradex-fdv-above-one-day-after-launch/paradex-fdv-above-3b-one-day-after-launch-959-542","$3B","7%","Yes","7%","No","93%","https://polymarket.com/event/paradex-fdv-above-one-day-after-launch/paradex-fdv-above-5b-one-day-after-launch-289-512","$5B","4%","Yes","No","96%","$117k Vol."
"https://polymarket.com/_next/image?url=https%3A%2F%2Fpolymarket-upload.s3.us-east-2.amazonaws.com%2Foctra-fdv-above-one-day-after-launch-R7MuwtADWGOg.jpg&w=1024&q=75","https://polymarket.com/event/octra-fdv-above-one-day-after-launch","Octra FDV above ___ one day after launch?","https://polymarket.com/event/octra-fdv-above-one-day-after-launch/octra-fdv-above-100m-one-day-after-launch","$100M","62%","Yes","No","38%","https://polymarket.com/event/octra-fdv-above-one-day-after-launch/octra-fdv-above-200m-one-day-after-launch","$200M","22%","22%","78%","https://polymarket.com/event/octra-fdv-above-one-day-after-launch/octra-fdv-above-300m-one-day-after-launch","$300M","15%","Yes","15%","No","85%","https://polymarket.com/event/octra-fdv-above-one-day-after-launch/octra-fdv-above-400m-one-day-after-launch","$400M","9%","Yes","9%","No","91%","","","","","","","","","","","","","","$53k Vol."
"https://polymarket.com/_next/image?url=https%3A%2F%2Fpolymarket-upload.s3.us-east-2.amazonaws.com%2Fwill-ostium-launch-a-token-in-2025-2WMInwUi6onf.jpg&w=1024&q=75","https://polymarket.com/event/ostium-fdv-above-one-day-after-launch","Ostium FDV above ___ one day after launch?","https://polymarket.com/event/ostium-fdv-above-one-day-after-launch/ostium-fdv-above-700m-one-day-after-launch","$700M","18%","Yes","No","82%","https://polymarket.com/event/ostium-fdv-above-one-day-after-launch/ostium-fdv-above-1b-one-day-after-launch","$1B","12%","12%","88%","https://polymarket.com/event/ostium-fdv-above-one-day-after-launch/ostium-fdv-above-2b-one-day-after-launch","$2B","5%","Yes","5%","No","95%","https://polymarket.com/event/ostium-fdv-above-one-day-after-launch/ostium-fdv-above-3b-one-day-after-launch","$3B","6%","Yes","6%","No","94%","https://polymarket.com/event/ostium-fdv-above-one-day-after-launch/ostium-fdv-above-4b-one-day-after-launch","$4B","4%","Yes","4%","No","96%","","","","","","","$20k Vol."
"https://polymarket.com/_next/image?url=https%3A%2F%2Fpolymarket-upload.s3.us-east-2.amazonaws.com%2Fwill-aztecs-fdv-exceed-300m-one-day-after-launch-AwgBaV7I_0P8.png&w=1024&q=75","https://polymarket.com/event/will-aztec-launch-a-token-in-2025","Will Aztec launch a token by ___?","https://polymarket.com/event/will-aztec-launch-a-token-in-2025/will-aztec-launch-a-token-in-2025","December 31, 2025","<1%","Yes","No","100%","https://polymarket.com/event/will-aztec-launch-a-token-in-2025/will-aztec-launch-a-token-by-december-31-2026","March 31, 2026","94%","94%","6%","","","","","","","","","","","","","","","","","","","","","","","","","","","","$954k Vol."
"https://polymarket.com/_next/image?url=https%3A%2F%2Fpolymarket-upload.s3.us-east-2.amazonaws.com%2Fwill-extended-launch-a-token-by-D5bpW_p-APnZ.jpg&w=1024&q=75","https://polymarket.com/event/extended-fdv-above-one-day-after-launch","Extended FDV above ___ one day after launch?","https://polymarket.com/event/extended-fdv-above-one-day-after-launch/extended-fdv-above-300m-one-day-after-launch","$300M","56%","Yes","No","44%","https://polymarket.com/event/extended-fdv-above-one-day-after-launch/extended-fdv-above-500m-one-day-after-launch-711","$500M","36%","36%","64%","https://polymarket.com/event/extended-fdv-above-one-day-after-launch/extended-fdv-above-800m-one-day-after-launch-299","$800M","18%","Yes","18%","No","82%","https://polymarket.com/event/extended-fdv-above-one-day-after-launch/extended-fdv-above-1b-one-day-after-launch-166","$1B","15%","Yes","15%","No","85%","https://polymarket.com/event/extended-fdv-above-one-day-after-launch/extended-fdv-above-2b-one-day-after-launch-692","$2B","7%","Yes","7%","No","93%","https://polymarket.com/event/extended-fdv-above-one-day-after-launch/extended-fdv-above-3b-one-day-after-launch-437","$3B","7%","Yes","No","93%","$74k Vol."
"https://polymarket.com/_next/image?url=https%3A%2F%2Fpolymarket-upload.s3.us-east-2.amazonaws.com%2Fwill-spark-launch-a-token-by-3-j5Zt1xncSA.jpg&w=1024&q=75","https://polymarket.com/event/will-spark-launch-a-token-by","Will Spark launch a token by ___ ?","https://polymarket.com/event/will-spark-launch-a-token-by/will-spark-launch-a-token-by-december-31","December 31, 2025","<1%","Yes","No","100%","https://polymarket.com/event/will-spark-launch-a-token-by/will-spark-launch-a-token-by-march-31","March 31, 2026","20%","20%","80%","https://polymarket.com/event/will-spark-launch-a-token-by/will-spark-launch-a-token-by-december-31-2026","December 31, 2026","-","Yes","","No","","","","","","","","","","","","","","","","","","","","","","$7k Vol."
"https://polymarket.com/_next/image?url=https%3A%2F%2Fpolymarket-upload.s3.us-east-2.amazonaws.com%2Fwill-standx-launch-a-token-in-2025-XZgR89YnRKtF.png&w=1024&q=75","https://polymarket.com/event/will-standx-launch-a-token-in-2025","Will StandX launch a token by ___ ?","https://polymarket.com/event/will-standx-launch-a-token-in-2025/will-standx-launch-a-token-in-2025","December 31, 2025","<1%","Yes","No","100%","https://polymarket.com/event/will-standx-launch-a-token-in-2025/will-standx-launch-a-token-by-march-31","March 31","16%","16%","84%","","","","","","","","","","","","","","","","","","","","","","","","","","","","$41k Vol."
"https://polymarket.com/_next/image?url=https%3A%2F%2Fpolymarket-upload.s3.us-east-2.amazonaws.com%2Fwill-hyperbeat-launch-a-token-in-2025-duUaDedydQL1.jpg&w=1024&q=75","https://polymarket.com/event/will-hyperbeat-launch-a-token-in-2025","Will Hyperbeat launch a token in 2025?","","","","","","","","","","","","","","","","","","","","","","","","","","","","","","","","","","","","","","","$63k Vol."
"https://polymarket.com/_next/image?url=https%3A%2F%2Fpolymarket-upload.s3.us-east-2.amazonaws.com%2Fwill-ventuals-launch-a-token-by-g8QR7UEEfbQ6.png&w=1024&q=75","https://polymarket.com/event/ventuals-fdv-above-one-day-after-launch","Ventuals FDV above ___ one day after launch?","https://polymarket.com/event/ventuals-fdv-above-one-day-after-launch/ventuals-fdv-above-100m-one-day-after-launch","$100M","44%","Yes","No","56%","https://polymarket.com/event/ventuals-fdv-above-one-day-after-launch/ventuals-fdv-above-300m-one-day-after-launch-618","$300M","12%","12%","88%","https://polymarket.com/event/ventuals-fdv-above-one-day-after-launch/ventuals-fdv-above-500m-one-day-after-launch-918","$500M","10%","Yes","10%","No","90%","https://polymarket.com/event/ventuals-fdv-above-one-day-after-launch/ventuals-fdv-above-800m-one-day-after-launch-124","$800M","8%","Yes","8%","No","92%","https://polymarket.com/event/ventuals-fdv-above-one-day-after-launch/ventuals-fdv-above-1b-one-day-after-launch-922","$1B","5%","Yes","5%","No","95%","https://polymarket.com/event/ventuals-fdv-above-one-day-after-launch/ventuals-fdv-above-1pt5b-one-day-after-launch-894","$1.5B","5%","Yes","No","95%","$16k Vol."
"https://polymarket.com/_next/image?url=https%3A%2F%2Fpolymarket-upload.s3.us-east-2.amazonaws.com%2Fink-fdv-above-one-day-after-launch-GWUvKMLWfZeY.png&w=1024&q=75","https://polymarket.com/event/ink-fdv-above-one-day-after-launch","Ink FDV above ___ one day after launch?","https://polymarket.com/event/ink-fdv-above-one-day-after-launch/ink-fdv-above-500m-one-day-after-launch","$500M","87%","Yes","No","13%","https://polymarket.com/event/ink-fdv-above-one-day-after-launch/ink-fdv-above-1b-one-day-after-launch","$1B","52%","52%","48%","https://polymarket.com/event/ink-fdv-above-one-day-after-launch/ink-fdv-above-2b-one-day-after-launch","$2B","20%","Yes","20%","No","80%","https://polymarket.com/event/ink-fdv-above-one-day-after-launch/ink-fdv-above-3b-one-day-after-launch","$3B","12%","Yes","12%","No","88%","","","","","","","","","","","","","","$191k Vol."
"https://polymarket.com/_next/image?url=https%3A%2F%2Fpolymarket-upload.s3.us-east-2.amazonaws.com%2Faztec-fdv-above-one-day-after-launch-_sdvaA0aHkUF.jpg&w=1024&q=75","https://polymarket.com/event/aztec-fdv-above-one-day-after-launch","Aztec FDV above ___ one day after launch?","https://polymarket.com/event/aztec-fdv-above-one-day-after-launch/aztec-fdv-above-500m-one-day-after-launch","$500M","39%","Yes","No","61%","https://polymarket.com/event/aztec-fdv-above-one-day-after-launch/aztec-fdv-above-800m-one-day-after-launch","$800M","20%","20%","80%","https://polymarket.com/event/aztec-fdv-above-one-day-after-launch/aztec-fdv-above-1b-one-day-after-launch","$1B","11%","Yes","11%","No","89%","https://polymarket.com/event/aztec-fdv-above-one-day-after-launch/aztec-fdv-above-1pt5b-one-day-after-launch","$1.5B","6%","Yes","6%","No","94%","https://polymarket.com/event/aztec-fdv-above-one-day-after-launch/aztec-fdv-above-2b-one-day-after-launch","$2B","9%","Yes","9%","No","91%","","","","","","","$112k Vol."
"https://polymarket.com/_next/image?url=https%3A%2F%2Fpolymarket-upload.s3.us-east-2.amazonaws.com%2Fwill-pacifica-launch-a-token-by-_F1le2wsW8WR.jpg&w=1024&q=75","https://polymarket.com/event/pacifica-fdv-above-one-day-after-launch","Pacifica FDV above ___ one day after launch?","https://polymarket.com/event/pacifica-fdv-above-one-day-after-launch/pacifica-fdv-above-300m-one-day-after-launch","$300M","42%","Yes","No","58%","https://polymarket.com/event/pacifica-fdv-above-one-day-after-launch/pacifica-fdv-above-500m-one-day-after-launch-171","$500M","26%","26%","74%","https://polymarket.com/event/pacifica-fdv-above-one-day-after-launch/pacifica-fdv-above-800m-one-day-after-launch-685","$800M","18%","Yes","18%","No","82%","https://polymarket.com/event/pacifica-fdv-above-one-day-after-launch/pacifica-fdv-above-1b-one-day-after-launch-995","$1B","13%","Yes","13%","No","87%","https://polymarket.com/event/pacifica-fdv-above-one-day-after-launch/pacifica-fdv-above-2b-one-day-after-launch-382","$2B","9%","Yes","9%","No","91%","https://polymarket.com/event/pacifica-fdv-above-one-day-after-launch/pacifica-fdv-above-3b-one-day-after-launch-755","$3B","3%","Yes","No","97%","$15k Vol."
"https://polymarket.com/_next/image?url=https%3A%2F%2Fpolymarket-upload.s3.us-east-2.amazonaws.com%2Freya-fdv-above-one-day-after-launch-XOYUN61AHrW4.jpg&w=1024&q=75","https://polymarket.com/event/reya-fdv-above-one-day-after-launch","Reya FDV above ___ one day after launch?","https://polymarket.com/event/reya-fdv-above-one-day-after-launch/reya-fdv-above-150m-one-day-after-launch","$150M","30%","Yes","No","70%","https://polymarket.com/event/reya-fdv-above-one-day-after-launch/reya-fdv-above-200m-one-day-after-launch","$200M","25%","25%","75%","https://polymarket.com/event/reya-fdv-above-one-day-after-launch/reya-fdv-above-300m-one-day-after-launch","$300M","10%","Yes","10%","No","90%","https://polymarket.com/event/reya-fdv-above-one-day-after-launch/reya-fdv-above-400m-one-day-after-launch","$400M","7%","Yes","7%","No","93%","https://polymarket.com/event/reya-fdv-above-one-day-after-launch/reya-fdv-above-1b-one-day-after-launch","$1B","3%","Yes","3%","No","97%","","","","","","","$50k Vol."
"https://polymarket.com/_next/image?url=https%3A%2F%2Fpolymarket-upload.s3.us-east-2.amazonaws.com%2Fhyperbeat-fdv-above-one-day-after-launch-GNbyOv4EDDIG.jpg&w=1024&q=75","https://polymarket.com/event/hyperbeat-fdv-above-one-day-after-launch","Hyperbeat FDV above ___ one day after launch?","https://polymarket.com/event/hyperbeat-fdv-above-one-day-after-launch/hyperbeat-fdv-above-50m-one-day-after-launch","$50M","22%","Yes","No","78%","https://polymarket.com/event/hyperbeat-fdv-above-one-day-after-launch/hyperbeat-fdv-above-100m-one-day-after-launch","$100M","12%","12%","88%","https://polymarket.com/event/hyperbeat-fdv-above-one-day-after-launch/hyperbeat-fdv-above-200m-one-day-after-launch","$200M","1%","Yes","1%","No","99%","https://polymarket.com/event/hyperbeat-fdv-above-one-day-after-launch/hyperbeat-fdv-above-300m-one-day-after-launch","$300M","5%","Yes","5%","No","95%","https://polymarket.com/event/hyperbeat-fdv-above-one-day-after-launch/hyperbeat-fdv-above-400m-one-day-after-launch","$400M","1%","Yes","1%","No","99%","","","","","","","$127k Vol."
"https://polymarket.com/_next/image?url=https%3A%2F%2Fpolymarket-upload.s3.us-east-2.amazonaws.com%2Fwill-consensys-ipo-by-december-31-2025-DwnP5iK2RunK.jpg&w=1024&q=75","https://polymarket.com/event/consensys-ipo-closing-market-cap-above","Consensys IPO closing market cap above ___ ?","https://polymarket.com/event/consensys-ipo-closing-market-cap-above/consensys-ipo-closing-market-cap-above-1b","$1B","84%","Yes","No","16%","https://polymarket.com/event/consensys-ipo-closing-market-cap-above/consensys-ipo-closing-market-cap-above-2b","$2B","69%","69%","31%","https://polymarket.com/event/consensys-ipo-closing-market-cap-above/consensys-ipo-closing-market-cap-above-3b","$3B","33%","Yes","33%","No","67%","","","","","","","","","","","","","","","","","","","","","$233k Vol."
"https://polymarket.com/_next/image?url=https%3A%2F%2Fpolymarket-upload.s3.us-east-2.amazonaws.com%2Fspacex-ipo-closing-market-cap-eMcPLOPUo_Il.png&w=1024&q=75","https://polymarket.com/event/spacex-ipo-closing-market-cap-above","SpaceX IPO closing market cap above ___ ?","https://polymarket.com/event/spacex-ipo-closing-market-cap-above/spacex-ipo-closing-market-cap-above-1t-528",">$1T","68%","Yes","No","32%","https://polymarket.com/event/spacex-ipo-closing-market-cap-above/spacex-ipo-closing-market-cap-above-1pt2t-954",">$1.2T","53%","53%","47%","https://polymarket.com/event/spacex-ipo-closing-market-cap-above/spacex-ipo-closing-market-cap-above-1pt4t-355",">$1.4T","31%","Yes","31%","No","69%","https://polymarket.com/event/spacex-ipo-closing-market-cap-above/spacex-ipo-closing-market-cap-above-1pt6t",">$1.6T","19%","Yes","19%","No","81%","https://polymarket.com/event/spacex-ipo-closing-market-cap-above/spacex-ipo-closing-market-cap-above-1pt8t",">$1.8T","11%","Yes","11%","No","89%","https://polymarket.com/event/spacex-ipo-closing-market-cap-above/spacex-ipo-closing-market-cap-above-2t-574",">$2T","6%","Yes","No","94%","$91k Vol."
"https://polymarket.com/_next/image?url=https%3A%2F%2Fpolymarket-upload.s3.us-east-2.amazonaws.com%2Fwill-theo-launch-a-token-by-17OCOQmgtpMs.png&w=1024&q=75","https://polymarket.com/event/theo-fdv-above-one-day-after-launch","Theo FDV above ___ one day after launch?","https://polymarket.com/event/theo-fdv-above-one-day-after-launch/theo-fdv-above-100m-one-day-after-launch","$100M","71%","Yes","No","29%","https://polymarket.com/event/theo-fdv-above-one-day-after-launch/theo-fdv-above-300m-one-day-after-launch","$300M","32%","32%","68%","https://polymarket.com/event/theo-fdv-above-one-day-after-launch/theo-fdv-above-700m-one-day-after-launch","$700M","32%","Yes","32%","No","68%","https://polymarket.com/event/theo-fdv-above-one-day-after-launch/theo-fdv-above-1b-one-day-after-launch","$1B","15%","Yes","15%","No","85%","","","","","","","","","","","","","","$29k Vol."
"https://polymarket.com/_next/image?url=https%3A%2F%2Fpolymarket-upload.s3.us-east-2.amazonaws.com%2Fwill-gmgn-launch-a-token-by-2xql977Opbix.jpg&w=1024&q=75","https://polymarket.com/event/will-gmgn-launch-a-token-by","Will GMGN launch a token by ___ ?","https://polymarket.com/event/will-gmgn-launch-a-token-by/will-gmgn-launch-a-token-by-december-31-2025","December 31, 2025","1%","Yes","No","99%","https://polymarket.com/event/will-gmgn-launch-a-token-by/will-gmgn-launch-a-token-by-march-31-2026","March 31, 2026","3%","3%","97%","https://polymarket.com/event/will-gmgn-launch-a-token-by/will-gmgn-launch-a-token-by-december-31-2026","December 31, 2026","32%","Yes","32%","No","68%","","","","","","","","","","","","","","","","","","","","","$68k Vol."
"https://polymarket.com/_next/image?url=https%3A%2F%2Fpolymarket-upload.s3.us-east-2.amazonaws.com%2Fwill-consensys-ipo-by-december-31-2025-DwnP5iK2RunK.jpg&w=1024&q=75","https://polymarket.com/event/will-consensys-ipo-by-december-31-2025","Consensys IPO by ___ ?","https://polymarket.com/event/will-consensys-ipo-by-december-31-2025/will-consensys-ipo-by-december-31-2025","December 31, 2025","<1%","Yes","No","100%","https://polymarket.com/event/will-consensys-ipo-by-december-31-2025/will-consensys-ipo-by-march-31-2026","March 31, 2026","5%","5%","95%","https://polymarket.com/event/will-consensys-ipo-by-december-31-2025/will-consensys-ipo-by-june-30-2026-144","June 30, 2026","67%","Yes","67%","No","33%","https://polymarket.com/event/will-consensys-ipo-by-december-31-2025/will-consensys-ipo-by-september-30-2026","September 30, 2026","72%","Yes","72%","No","28%","https://polymarket.com/event/will-consensys-ipo-by-december-31-2025/will-consensys-ipo-by-december-31-2026","December 31, 2026","-","Yes","","No","","","","","","","","$41k Vol."
"https://polymarket.com/_next/image?url=https%3A%2F%2Fpolymarket-upload.s3.us-east-2.amazonaws.com%2Fwill-felix-protocol-launch-a-token-in-2025-H89Z_IDCaaVY.jpg&w=1024&q=75","https://polymarket.com/event/felix-fdv-above-one-day-after-launch","Felix FDV above ___ one day after launch?","https://polymarket.com/event/felix-fdv-above-one-day-after-launch/felix-protocol-fdv-above-25m-one-day-after-launch","$25M","75%","Yes","No","25%","https://polymarket.com/event/felix-fdv-above-one-day-after-launch/felix-protocol-fdv-above-50m-one-day-after-launch-488","$50M","30%","30%","70%","https://polymarket.com/event/felix-fdv-above-one-day-after-launch/felix-protocol-fdv-above-100m-one-day-after-launch-274-973","$100M","12%","Yes","12%","No","88%","https://polymarket.com/event/felix-fdv-above-one-day-after-launch/felix-protocol-fdv-above-300m-one-day-after-launch-953-129","$300M","7%","Yes","7%","No","93%","https://polymarket.com/event/felix-fdv-above-one-day-after-launch/felix-protocol-fdv-above-500m-one-day-after-launch-477-288","$500M","4%","Yes","4%","No","96%","https://polymarket.com/event/felix-fdv-above-one-day-after-launch/felix-protocol-fdv-above-800m-one-day-after-launch-892-997","$800M","1%","Yes","No","99%","$119k Vol."
"https://polymarket.com/_next/image?url=https%3A%2F%2Fpolymarket-upload.s3.us-east-2.amazonaws.com%2Fmakina-public-sale-total-commitments-VPWKV6s2A-Bm.jpg&w=1024&q=75","https://polymarket.com/event/makina-fdv-above-one-day-after-launch","Makina FDV above ___ one day after launch?","https://polymarket.com/event/makina-fdv-above-one-day-after-launch/makina-fdv-above-80m-one-day-after-launch","$80M","22%","Yes","No","78%","https://polymarket.com/event/makina-fdv-above-one-day-after-launch/makina-fdv-above-100m-one-day-after-launch","$100M","15%","15%","85%","https://polymarket.com/event/makina-fdv-above-one-day-after-launch/makina-fdv-above-200m-one-day-after-launch","$200M","10%","Yes","10%","No","90%","https://polymarket.com/event/makina-fdv-above-one-day-after-launch/makina-fdv-above-300m-one-day-after-launch","$300M","7%","Yes","7%","No","93%","","","","","","","","","","","","","","$12k Vol."
"https://polymarket.com/_next/image?url=https%3A%2F%2Fpolymarket-upload.s3.us-east-2.amazonaws.com%2Ftabi-fdv-above-one-day-after-launch-hwnak0j9x3Hr.jpg&w=1024&q=75","https://polymarket.com/event/tabi-fdv-above-one-day-after-launch","Tabi FDV above ___ one day after launch?","https://polymarket.com/event/tabi-fdv-above-one-day-after-launch/tabi-fdv-above-500m-one-day-after-launch","$500M","21%","Yes","No","79%","https://polymarket.com/event/tabi-fdv-above-one-day-after-launch/tabi-fdv-above-1b-one-day-after-launch","$1B","6%","6%","94%","https://polymarket.com/event/tabi-fdv-above-one-day-after-launch/tabi-fdv-above-2b-one-day-after-launch","$2B","4%","Yes","4%","No","96%","https://polymarket.com/event/tabi-fdv-above-one-day-after-launch/tabi-fdv-above-3b-one-day-after-launch","$3B","3%","Yes","3%","No","97%","","","","","","","","","","","","","","$7k Vol."
"https://polymarket.com/_next/image?url=https%3A%2F%2Fpolymarket-upload.s3.us-east-2.amazonaws.com%2Ftoken-launch-party-parlay-XtoBuRoW_Jk3.jpg&w=1024&q=75","https://polymarket.com/event/token-launch-party-parlay","Token Launch Party Parlay","","","","","","","","","","","","","","","","","","","","","","","","","","","","","","","","","","","","","","","$19k Vol."
"https://polymarket.com/_next/image?url=https%3A%2F%2Fpolymarket-upload.s3.us-east-2.amazonaws.com%2Fwill-kraken-ipo-in-2024--_GT-GzKWtUW.jpg&w=1024&q=75","https://polymarket.com/event/kraken-ipo-closing-market-cap-above","Kraken IPO closing market cap above ___ ?","https://polymarket.com/event/kraken-ipo-closing-market-cap-above/kraken-ipo-closing-market-cap-above-16b","$16B","84%","Yes","No","16%","https://polymarket.com/event/kraken-ipo-closing-market-cap-above/kraken-ipo-closing-market-cap-above-18b","$18B","74%","74%","26%","https://polymarket.com/event/kraken-ipo-closing-market-cap-above/kraken-ipo-closing-market-cap-above-20b","$20B","71%","Yes","71%","No","29%","https://polymarket.com/event/kraken-ipo-closing-market-cap-above/kraken-ipo-closing-market-cap-above-22b","$22B","36%","Yes","36%","No","64%","https://polymarket.com/event/kraken-ipo-closing-market-cap-above/kraken-ipo-closing-market-cap-above-24b","$24B","41%","Yes","41%","No","59%","https://polymarket.com/event/kraken-ipo-closing-market-cap-above/kraken-ipo-closing-market-cap-above-26b","$26B","35%","Yes","No","65%","$69k Vol."
"https://polymarket.com/_next/image?url=https%3A%2F%2Fpolymarket-upload.s3.us-east-2.amazonaws.com%2Fdaylight-50m-pre-deposit-vault-filled-in-Fgmnm8K-pN5F.jpg&w=1024&q=75","https://polymarket.com/event/will-daylight-launch-a-token-by-312","Will Daylight launch a token by ___?","https://polymarket.com/event/will-daylight-launch-a-token-by-312/will-daylight-launch-a-token-by-december-31-2025-397","December 31, 2025","<1%","Yes","No","100%","https://polymarket.com/event/will-daylight-launch-a-token-by-312/will-daylight-launch-a-token-by-march-31-2026-327","March 31, 2026","14%","14%","86%","https://polymarket.com/event/will-daylight-launch-a-token-by-312/will-daylight-launch-a-token-by-june-30-2026-913","June 30, 2026","36%","Yes","36%","No","64%","https://polymarket.com/event/will-daylight-launch-a-token-by-312/will-daylight-launch-a-token-by-september-30-2026-231","September 30, 2026","41%","Yes","41%","No","59%","https://polymarket.com/event/will-daylight-launch-a-token-by-312/will-daylight-launch-a-token-by-december-31-2026-761","December 31, 2026","45%","Yes","45%","No","55%","","","","","","","$22k Vol."