"overflow-hidden src","h-fit href","text-sm","flex href","line-clamp-1","font-semibold","max-w-[36px]","max-w-[36px] 2","group-hover:opacity-100 2","flex href 2","line-clamp-1 2","font-semibold 2","group-hover:opacity-100 4","flex href 3","line-clamp-1 3","font-semibold 3","max-w-[36px] 5","max-w-[36px] 6","group-hover:opacity-100 6","flex href 4","line-clamp-1 4","font-semibold 4","max-w-[36px] 7","max-w-[36px] 8","group-hover:opacity-100 8","flex href 5","line-clamp-1 5","font-semibold 5","max-w-[36px] 9","max-w-[36px] 10","group-hover:opacity-100 10","flex href 6","line-clamp-1 6","font-semibold 6","max-w-[36px] 11","max-w-[36px] 12","group-hover:opacity-100 12","text-text-secondary"
"https://polymarket.com/_next/image?url=https%3A%2F%2Fpolymarket-upload.s3.us-east-2.amazonaws.com%2Flighter-market-cap-fdv-one-day-after-launch-RYYJzkspbftO.jpg&w=1024&q=75","https://polymarket.com/event/lighter-market-cap-fdv-one-day-after-launch","Lighter market cap (FDV) one day after launch?","https://polymarket.com/event/lighter-market-cap-fdv-one-day-after-launch/lighter-market-cap-fdv-1b-one-day-after-launch",">$1B","69%","Yes","No","31%","https://polymarket.com/event/lighter-market-cap-fdv-one-day-after-launch/lighter-market-cap-fdv-2b-one-day-after-launch-332",">$2B","60%","40%","https://polymarket.com/event/lighter-market-cap-fdv-one-day-after-launch/lighter-market-cap-fdv-3b-one-day-after-launch-227",">$3B","39%","Yes","No","61%","https://polymarket.com/event/lighter-market-cap-fdv-one-day-after-launch/lighter-market-cap-fdv-4b-one-day-after-launch-886-225",">$4B","21%","Yes","No","79%","https://polymarket.com/event/lighter-market-cap-fdv-one-day-after-launch/lighter-market-cap-fdv-6b-one-day-after-launch-324-746-197",">$6B","8%","Yes","No","92%","https://polymarket.com/event/lighter-market-cap-fdv-one-day-after-launch/lighter-market-cap-fdv-8b-one-day-after-launch-151-728",">$8B","3%","Yes","No","97%","$29m Vol."
"https://polymarket.com/_next/image?url=https%3A%2F%2Fpolymarket-upload.s3.us-east-2.amazonaws.com%2Fgensyn-fdv-above-one-day-after-launch-k4jAvOyGsAKv.jpg&w=1024&q=75","https://polymarket.com/event/gensyn-public-sale-total-commitments","Gensyn public sale total commitments?","https://polymarket.com/event/gensyn-public-sale-total-commitments/over-10m-committed-to-the-gensyn-public-sale",">$10M","92%","Yes","No","8%","https://polymarket.com/event/gensyn-public-sale-total-commitments/over-15m-committed-to-the-gensyn-public-sale","$15M","73%","27%","https://polymarket.com/event/gensyn-public-sale-total-commitments/over-20m-committed-to-the-gensyn-public-sale-977-725",">$20M","45%","Yes","No","55%","https://polymarket.com/event/gensyn-public-sale-total-commitments/over-30m-committed-to-the-gensyn-public-sale-436",">$30M","21%","Yes","No","79%","https://polymarket.com/event/gensyn-public-sale-total-commitments/over-50m-committed-to-the-gensyn-public-sale-396-195-193-185",">$50M","9%","Yes","No","91%","https://polymarket.com/event/gensyn-public-sale-total-commitments/over-70m-committed-to-the-gensyn-public-sale-731-699-252-599-898",">$70M","3%","Yes","No","97%","$5m Vol."
"https://polymarket.com/_next/image?url=https%3A%2F%2Fpolymarket-upload.s3.us-east-2.amazonaws.com%2Flighter-market-cap-fdv-one-day-after-launch-RYYJzkspbftO.jpg&w=1024&q=75","https://polymarket.com/event/lighter-airdop-by","Will lighter perform an airdrop by December 31?","","","","","","","","","","","","","","","","","","","","","","","","","","","","","","","","","","","$8m Vol."
"https://polymarket.com/_next/image?url=https%3A%2F%2Fpolymarket-upload.s3.us-east-2.amazonaws.com%2Fvooi-fdv-above-one-day-after-launch-A4P7pQF5Iqy-.jpg&w=1024&q=75","https://polymarket.com/event/vooi-fdv-above-one-day-after-launch","VOOI FDV above ___ one day after launch?","https://polymarket.com/event/vooi-fdv-above-one-day-after-launch/vooi-fdv-above-50m-one-day-after-launch","$50M","16%","Yes","No","84%","https://polymarket.com/event/vooi-fdv-above-one-day-after-launch/vooi-fdv-above-100m-one-day-after-launch-669","$100M","<1%","100%","https://polymarket.com/event/vooi-fdv-above-one-day-after-launch/vooi-fdv-above-200m-one-day-after-launch-727","$200M","<1%","Yes","No","100%","https://polymarket.com/event/vooi-fdv-above-one-day-after-launch/vooi-fdv-above-300m-one-day-after-launch-223-828-565","$300M","<1%","Yes","No","100%","https://polymarket.com/event/vooi-fdv-above-one-day-after-launch/vooi-fdv-above-500m-one-day-after-launch-119-392-563-692","$500M","<1%","Yes","No","100%","https://polymarket.com/event/vooi-fdv-above-one-day-after-launch/vooi-fdv-above-800m-one-day-after-launch-548-543-223-386","$800M","<1%","Yes","No","100%","$612k Vol."
"https://polymarket.com/_next/image?url=https%3A%2F%2Fpolymarket-upload.s3.us-east-2.amazonaws.com%2Fmegaeth-market-cap-fdv-one-day-after-launch-KzYK3qwuIK8t.jpg&w=1024&q=75","https://polymarket.com/event/megaeth-market-cap-fdv-one-day-after-launch","MegaETH market cap (FDV) one day after launch?","https://polymarket.com/event/megaeth-market-cap-fdv-one-day-after-launch/megaeth-market-cap-fdv-1b-one-day-after-launch-gj9e",">$1B","83%","Yes","No","17%","https://polymarket.com/event/megaeth-market-cap-fdv-one-day-after-launch/megaeth-market-cap-fdv-2b-one-day-after-launch-738",">$2B","50%","50%","https://polymarket.com/event/megaeth-market-cap-fdv-one-day-after-launch/megaeth-market-cap-fdv-2b-one-day-after-launch-392-656",">$3B","19%","Yes","No","81%","https://polymarket.com/event/megaeth-market-cap-fdv-one-day-after-launch/megaeth-market-cap-fdv-4b-one-day-after-launch-484-688",">$4B","9%","Yes","No","91%","https://polymarket.com/event/megaeth-market-cap-fdv-one-day-after-launch/megaeth-market-cap-fdv-6b-one-day-after-launch-365-559-334",">$6B","3%","Yes","No","97%","","","","","","","$5m Vol."
"https://polymarket.com/_next/image?url=https%3A%2F%2Fpolymarket-upload.s3.us-east-2.amazonaws.com%2Fwill-base-launch-a-token-in-2025-ZEiSLXN1o4m9.jpg&w=1024&q=75","https://polymarket.com/event/will-base-launch-a-token-in-2025-341","Will Base launch a token by ___ ?","https://polymarket.com/event/will-base-launch-a-token-in-2025-341/will-base-launch-a-token-in-2025-341","December 31, 2025","<1%","Yes","No","100%","https://polymarket.com/event/will-base-launch-a-token-in-2025-341/will-base-launch-a-token-by-june-30-2026","June 30, 2026","42%","58%","https://polymarket.com/event/will-base-launch-a-token-in-2025-341/will-base-launch-a-token-by-december-31-2026-154","December 31, 2026","79%","Yes","No","21%","","","","","","","","","","","","","","","","","","","$4m Vol."
"https://polymarket.com/_next/image?url=https%3A%2F%2Fpolymarket-upload.s3.us-east-2.amazonaws.com%2Fharmonix-fdv-above-one-day-after-launch-l4zSmq3nWNRk.png&w=1024&q=75","https://polymarket.com/event/harmonix-fdv-above-one-day-after-launch","Harmonix FDV above ___ one day after launch?","https://polymarket.com/event/harmonix-fdv-above-one-day-after-launch/harmonix-fdv-above-8m-one-day-after-launch","$8M","49%","Yes","No","51%","https://polymarket.com/event/harmonix-fdv-above-one-day-after-launch/harmonix-fdv-above-15m-one-day-after-launch-sr7l-453","$15M","15%","85%","https://polymarket.com/event/harmonix-fdv-above-one-day-after-launch/harmonix-fdv-above-25m-one-day-after-launch-679-513","$25M","2%","Yes","No","98%","https://polymarket.com/event/harmonix-fdv-above-one-day-after-launch/harmonix-fdv-above-50m-one-day-after-launch-548-143","$50M","1%","Yes","No","99%","https://polymarket.com/event/harmonix-fdv-above-one-day-after-launch/harmonix-fdv-above-100m-one-day-after-launch-285-463","$100M","1%","Yes","No","99%","https://polymarket.com/event/harmonix-fdv-above-one-day-after-launch/harmonix-fdv-above-200m-one-day-after-launch-379-179","$200M","<1%","Yes","No","100%","$366k Vol."
"https://polymarket.com/_next/image?url=https%3A%2F%2Fpolymarket-upload.s3.us-east-2.amazonaws.com%2Fmetamask-2c974b8baa.png&w=1024&q=75","https://polymarket.com/event/will-metamask-launch-a-token-in-2025","Will MetaMask launch a token by ___ ?","https://polymarket.com/event/will-metamask-launch-a-token-in-2025/will-metamask-launch-a-token-in-2025","December 31","1%","Yes","No","99%","https://polymarket.com/event/will-metamask-launch-a-token-in-2025/will-metamask-launch-a-token-by-june-30","June 30","69%","31%","https://polymarket.com/event/will-metamask-launch-a-token-in-2025/will-metamask-launch-a-token-by-september-30-2026","September 30","78%","Yes","No","22%","","","","","","","","","","","","","","","","","","","$6m Vol."
"https://polymarket.com/_next/image?url=https%3A%2F%2Fpolymarket-upload.s3.us-east-2.amazonaws.com%2Fopensea-airdrop-before-april-NL2BT2uLD5Ny.png&w=1024&q=75","https://polymarket.com/event/opensea-fdv-above-one-day-after-launch","Opensea FDV above ___ one day after launch?","https://polymarket.com/event/opensea-fdv-above-one-day-after-launch/opensea-fdv-above-500m-one-day-after-launch","$500M","81%","Yes","No","19%","https://polymarket.com/event/opensea-fdv-above-one-day-after-launch/opensea-fdv-above-1b-one-day-after-launch","$1B","59%","41%","https://polymarket.com/event/opensea-fdv-above-one-day-after-launch/opensea-fdv-above-2b-one-day-after-launch","$2B","30%","Yes","No","70%","https://polymarket.com/event/opensea-fdv-above-one-day-after-launch/opensea-fdv-above-3b-one-day-after-launch-786","$3B","12%","Yes","No","88%","https://polymarket.com/event/opensea-fdv-above-one-day-after-launch/opensea-fdv-above-5b-one-day-after-launch-919","$5B","6%","Yes","No","94%","","","","","","","$918k Vol."
"https://polymarket.com/_next/image?url=https%3A%2F%2Fpolymarket-upload.s3.us-east-2.amazonaws.com%2Fwill-edgex-launch-a-token-in-2025-HYxLQtBesCT8.jpg&w=1024&q=75","https://polymarket.com/event/will-edgex-launch-a-token-in-2025","Will edgeX launch a token in 2025?","","","","","","","","","","","","","","","","","","","","","","","","","","","","","","","","","","","$416k Vol."
"https://polymarket.com/_next/image?url=https%3A%2F%2Fpolymarket-upload.s3.us-east-2.amazonaws.com%2Fwill-edgex-launch-a-token-in-2025-HYxLQtBesCT8.jpg&w=1024&q=75","https://polymarket.com/event/edgex-fdv-above-one-day-after-launch","edgeX FDV above ___ one day after launch?","https://polymarket.com/event/edgex-fdv-above-one-day-after-launch/edgex-fdv-above-1b-one-day-after-launch","$1B","79%","Yes","No","21%","https://polymarket.com/event/edgex-fdv-above-one-day-after-launch/edgex-fdv-above-2b-one-day-after-launch","$2B","37%","63%","https://polymarket.com/event/edgex-fdv-above-one-day-after-launch/edgex-fdv-above-3b-one-day-after-launch","$3B","22%","Yes","No","78%","https://polymarket.com/event/edgex-fdv-above-one-day-after-launch/edgex-fdv-above-4b-one-day-after-launch","$4B","10%","Yes","No","90%","https://polymarket.com/event/edgex-fdv-above-one-day-after-launch/edgex-fdv-above-5b-one-day-after-launch","$5B","8%","Yes","No","92%","https://polymarket.com/event/edgex-fdv-above-one-day-after-launch/edgex-fdv-above-10b-one-day-after-launch","$10B","2%","Yes","No","98%","$863k Vol."
"https://polymarket.com/_next/image?url=https%3A%2F%2Fpolymarket-upload.s3.us-east-2.amazonaws.com%2Fmegaeth-market-cap-fdv-one-day-after-launch-KzYK3qwuIK8t.jpg&w=1024&q=75","https://polymarket.com/event/megaeth-airdrop-by","MegaETH airdrop by...?","https://polymarket.com/event/megaeth-airdrop-by/will-megaeth-perform-an-airdrop-by-december-31","December 31","3%","Yes","No","97%","https://polymarket.com/event/megaeth-airdrop-by/will-megaeth-perform-an-airdrop-by-june-30","June 30","93%","7%","","","","","","","","","","","","","","","","","","","","","","","","","$430k Vol."
"https://polymarket.com/_next/image?url=https%3A%2F%2Fpolymarket-upload.s3.us-east-2.amazonaws.com%2Fwill-tempo-launch-a-token-by-PZhG3ytiEP4M.png&w=1024&q=75","https://polymarket.com/event/will-tempo-launch-a-token-by","Will Tempo launch a token by ___ ?","https://polymarket.com/event/will-tempo-launch-a-token-by/will-tempo-launch-a-token-by-december-31-2025","December 31, 2025","<1%","Yes","No","100%","https://polymarket.com/event/will-tempo-launch-a-token-by/will-tempo-launch-a-token-by-march-31-2026","March 31, 2026","9%","91%","https://polymarket.com/event/will-tempo-launch-a-token-by/will-tempo-launch-a-token-by-june-30-2026","June 30, 2026","25%","Yes","No","75%","https://polymarket.com/event/will-tempo-launch-a-token-by/will-tempo-launch-a-token-by-september-30-2026","September 30, 2026","49%","Yes","No","51%","https://polymarket.com/event/will-tempo-launch-a-token-by/will-tempo-launch-a-token-by-december-31-2026","December 31, 2026","52%","Yes","No","48%","","","","","","","$153k Vol."
"https://polymarket.com/_next/image?url=https%3A%2F%2Fpolymarket-upload.s3.us-east-2.amazonaws.com%2Ffootballfun-fdv-above-one-day-after-launch-ij-sd7XY619_.jpg&w=1024&q=75","https://polymarket.com/event/footballfun-fdv-above-one-day-after-launch","Football.Fun FDV above ___ one day after launch?","https://polymarket.com/event/footballfun-fdv-above-one-day-after-launch/footballfun-fdv-above-70m-one-day-after-launch","$70M","63%","Yes","No","37%","https://polymarket.com/event/footballfun-fdv-above-one-day-after-launch/footballfun-fdv-above-100m-one-day-after-launch-im46","$100M","34%","66%","https://polymarket.com/event/footballfun-fdv-above-one-day-after-launch/footballfun-fdv-above-200m-one-day-after-launch-xh08","$200M","18%","Yes","No","82%","https://polymarket.com/event/footballfun-fdv-above-one-day-after-launch/footballfun-fdv-above-300m-one-day-after-launch","$300M","19%","Yes","No","81%","https://polymarket.com/event/footballfun-fdv-above-one-day-after-launch/footballfun-fdv-above-500m-one-day-after-launch-276-512-182-316","$500M","3%","Yes","No","97%","https://polymarket.com/event/footballfun-fdv-above-one-day-after-launch/footballfun-fdv-above-1b-one-day-after-launch-116-586-393-244","$1B","3%","Yes","No","97%","$118k Vol."
"https://polymarket.com/_next/image?url=https%3A%2F%2Fpolymarket-upload.s3.us-east-2.amazonaws.com%2Fwill-fogo-launch-a-token-by-ERergqgqhwOx.jpg&w=1024&q=75","https://polymarket.com/event/fogo-fdv-above-one-day-after-launch","Fogo FDV above ___ one day after launch?","https://polymarket.com/event/fogo-fdv-above-one-day-after-launch/fogo-fdv-above-300m-one-day-after-launch","$300M","74%","Yes","No","26%","https://polymarket.com/event/fogo-fdv-above-one-day-after-launch/fogo-fdv-above-700m-one-day-after-launch-856","$700M","28%","72%","https://polymarket.com/event/fogo-fdv-above-one-day-after-launch/fogo-fdv-above-1b-one-day-after-launch-639","$1B","13%","Yes","No","87%","https://polymarket.com/event/fogo-fdv-above-one-day-after-launch/fogo-fdv-above-2b-one-day-after-launch-831","$2B","4%","Yes","No","96%","https://polymarket.com/event/fogo-fdv-above-one-day-after-launch/fogo-fdv-above-3b-one-day-after-launch-117","$3B","2%","Yes","No","98%","","","","","","","$623k Vol."
"https://polymarket.com/_next/image?url=https%3A%2F%2Fpolymarket-upload.s3.us-east-2.amazonaws.com%2Fwill-abstract-launch-a-token-by-pCw5cW0J1KxN.jpg&w=1024&q=75","https://polymarket.com/event/will-abstract-launch-a-token-in-2025","Will Abstract launch a token by ___?","https://polymarket.com/event/will-abstract-launch-a-token-in-2025/will-abstract-launch-a-token-in-2025","December 31, 2025","<1%","Yes","No","100%","https://polymarket.com/event/will-abstract-launch-a-token-in-2025/will-abstract-launch-a-token-by-december-31-2026","December 31, 2026","85%","15%","","","","","","","","","","","","","","","","","","","","","","","","","$112k Vol."
"https://polymarket.com/_next/image?url=https%3A%2F%2Fpolymarket-upload.s3.us-east-2.amazonaws.com%2Fbased-fdv-above-one-day-after-launch-x_rRcHyrw0Dx.jpg&w=1024&q=75","https://polymarket.com/event/based-fdv-above-one-day-after-launch","Based FDV above ___ one day after launch?","https://polymarket.com/event/based-fdv-above-one-day-after-launch/based-fdv-above-300m-one-day-after-launch","$300M","42%","Yes","No","58%","https://polymarket.com/event/based-fdv-above-one-day-after-launch/based-fdv-above-500m-one-day-after-launch-129","$500M","21%","79%","https://polymarket.com/event/based-fdv-above-one-day-after-launch/based-fdv-above-800m-one-day-after-launch-636-672","$800M","9%","Yes","No","91%","https://polymarket.com/event/based-fdv-above-one-day-after-launch/based-fdv-above-1b-one-day-after-launch-231-799-897","$1B","4%","Yes","No","96%","https://polymarket.com/event/based-fdv-above-one-day-after-launch/based-fdv-above-2b-one-day-after-launch-626-385-394","$2B","3%","Yes","No","97%","https://polymarket.com/event/based-fdv-above-one-day-after-launch/based-fdv-above-3b-one-day-after-launch-467-314-147","$3B","3%","Yes","No","97%","$1m Vol."
"https://polymarket.com/_next/image?url=https%3A%2F%2Fpolymarket-upload.s3.us-east-2.amazonaws.com%2Fgensyn-fdv-above-one-day-after-launch-k4jAvOyGsAKv.jpg&w=1024&q=75","https://polymarket.com/event/gensyn-fdv-above-one-day-after-launch","Gensyn FDV above ___ one day after launch?","https://polymarket.com/event/gensyn-fdv-above-one-day-after-launch/gensyn-fdv-above-600m-one-day-after-launch","$600M","30%","Yes","No","70%","https://polymarket.com/event/gensyn-fdv-above-one-day-after-launch/gensyn-fdv-above-800m-one-day-after-launch","$800M","15%","85%","https://polymarket.com/event/gensyn-fdv-above-one-day-after-launch/gensyn-fdv-above-1b-one-day-after-launch","$1B","10%","Yes","No","90%","https://polymarket.com/event/gensyn-fdv-above-one-day-after-launch/gensyn-fdv-above-1pt5b-one-day-after-launch","$1.5B","4%","Yes","No","96%","https://polymarket.com/event/gensyn-fdv-above-one-day-after-launch/gensyn-fdv-above-2b-one-day-after-launch","$2B","3%","Yes","No","97%","","","","","","","$99k Vol."
"https://polymarket.com/_next/image?url=https%3A%2F%2Fpolymarket-upload.s3.us-east-2.amazonaws.com%2Fwill-sentient-launch-a-token-in-2025-jWZGMwqJlYLe.jpg&w=1024&q=75","https://polymarket.com/event/sentient-fdv-above-one-day-after-launch","Sentient FDV above ___ one day after launch?","https://polymarket.com/event/sentient-fdv-above-one-day-after-launch/sentient-fdv-above-200m-one-day-after-launch","$200M","86%","Yes","No","14%","https://polymarket.com/event/sentient-fdv-above-one-day-after-launch/sentient-fdv-above-400m-one-day-after-launch","$400M","72%","28%","https://polymarket.com/event/sentient-fdv-above-one-day-after-launch/sentient-fdv-above-600m-one-day-after-launch","$600M","59%","Yes","No","41%","https://polymarket.com/event/sentient-fdv-above-one-day-after-launch/sentient-fdv-above-800m-one-day-after-launch","$800M","45%","Yes","No","55%","https://polymarket.com/event/sentient-fdv-above-one-day-after-launch/sentient-fdv-above-1b-one-day-after-launch","$1B","32%","Yes","No","68%","https://polymarket.com/event/sentient-fdv-above-one-day-after-launch/sentient-fdv-above-2b-one-day-after-launch","$2B","14%","Yes","No","86%","$164k Vol."
"https://polymarket.com/_next/image?url=https%3A%2F%2Fpolymarket-upload.s3.us-east-2.amazonaws.com%2Fwill-trove-launch-a-token-by-Zh8fnhkHGXRv.jpg&w=1024&q=75","https://polymarket.com/event/will-trove-launch-a-token-by","Will Trove launch a token by ___?","https://polymarket.com/event/will-trove-launch-a-token-by/will-trove-launch-a-token-by-march-31-2026","March 31, 2026","45%","Yes","No","55%","https://polymarket.com/event/will-trove-launch-a-token-by/will-trove-launch-a-token-by-june-30-2026","June 30, 2026","76%","24%","https://polymarket.com/event/will-trove-launch-a-token-by/will-trove-launch-a-token-by-september-30-2026","September 30, 2026","87%","Yes","No","13%","https://polymarket.com/event/will-trove-launch-a-token-by/will-trove-launch-a-token-by-december-31-2026","December 31, 2026","89%","Yes","No","11%","","","","","","","","","","","","","$9k Vol."
"https://polymarket.com/_next/image?url=https%3A%2F%2Fpolymarket-upload.s3.us-east-2.amazonaws.com%2Fwill-standx-launch-a-token-in-2025-XZgR89YnRKtF.png&w=1024&q=75","https://polymarket.com/event/standx-fdv-above-one-day-after-launch","StandX FDV above ___ one day after launch?","https://polymarket.com/event/standx-fdv-above-one-day-after-launch/standx-fdv-above-800m-one-day-after-launch-732-932","$800M","54%","Yes","No","46%","https://polymarket.com/event/standx-fdv-above-one-day-after-launch/standx-fdv-above-1b-one-day-after-launch-758-887","$1B","37%","63%","https://polymarket.com/event/standx-fdv-above-one-day-after-launch/standx-fdv-above-2b-one-day-after-launch-143-135","$2B","16%","Yes","No","84%","https://polymarket.com/event/standx-fdv-above-one-day-after-launch/standx-fdv-above-3b-one-day-after-launch-573-228","$3B","7%","Yes","No","93%","https://polymarket.com/event/standx-fdv-above-one-day-after-launch/standx-fdv-above-5b-one-day-after-launch-536-723","$5B","3%","Yes","No","97%","https://polymarket.com/event/standx-fdv-above-one-day-after-launch/standx-fdv-above-7b-one-day-after-launch-218","$7B","5%","Yes","No","95%","$465k Vol."
"https://polymarket.com/_next/image?url=https%3A%2F%2Fpolymarket-upload.s3.us-east-2.amazonaws.com%2Fwill-sentient-launch-a-token-in-2025-jWZGMwqJlYLe.jpg&w=1024&q=75","https://polymarket.com/event/will-sentient-launch-a-token-in-2025","Will Sentient launch a token in 2025?","","","","","","","","","","","","","","","","","","","","","","","","","","","","","","","","","","","$256k Vol."
"https://polymarket.com/_next/image?url=https%3A%2F%2Fpolymarket-upload.s3.us-east-2.amazonaws.com%2Fpumpfun-launch-a-token-by-RzTi7_aC42Qa.png&w=1024&q=75","https://polymarket.com/event/pumpfun-airdop-by","Pump.fun airdrop by ....?","https://polymarket.com/event/pumpfun-airdop-by/will-pumpfun-perform-an-airdrop-by-december-31","December 31","1%","Yes","No","99%","https://polymarket.com/event/pumpfun-airdop-by/will-pumpfun-perform-an-airdrop-by-march-31","March 31","21%","79%","","","","","","","","","","","","","","","","","","","","","","","","","$2m Vol."
"https://polymarket.com/_next/image?url=https%3A%2F%2Fpolymarket-upload.s3.us-east-2.amazonaws.com%2Fwill-fomofamily-launch-a-token-by-oKYLlu03QuRV.png&w=1024&q=75","https://polymarket.com/event/will-fomofamily-launch-a-token-by","Will fomo.family launch a token by ___ ?","https://polymarket.com/event/will-fomofamily-launch-a-token-by/will-fomo-launch-a-token-by-december-31-2025","December 31, 2025","1%","Yes","No","99%","https://polymarket.com/event/will-fomofamily-launch-a-token-by/will-fomo-launch-a-token-by-march-31-2026","March 31, 2026","15%","85%","https://polymarket.com/event/will-fomofamily-launch-a-token-by/will-fomo-launch-a-token-by-june-30-2026","June 30, 2026","28%","Yes","No","72%","https://polymarket.com/event/will-fomofamily-launch-a-token-by/will-fomo-launch-a-token-by-september-30-2026","September 30, 2026","27%","Yes","No","73%","https://polymarket.com/event/will-fomofamily-launch-a-token-by/will-fomo-launch-a-token-by-december-31-2026","December 31, 2026","61%","Yes","No","39%","","","","","","","$141k Vol."
"https://polymarket.com/_next/image?url=https%3A%2F%2Fpolymarket-upload.s3.us-east-2.amazonaws.com%2Foctra-fdv-above-one-day-after-launch-R7MuwtADWGOg.jpg&w=1024&q=75","https://polymarket.com/event/octra-fdv-above-one-day-after-launch","Octra FDV above ___ one day after launch?","https://polymarket.com/event/octra-fdv-above-one-day-after-launch/octra-fdv-above-100m-one-day-after-launch","$100M","63%","Yes","No","37%","https://polymarket.com/event/octra-fdv-above-one-day-after-launch/octra-fdv-above-200m-one-day-after-launch","$200M","32%","68%","https://polymarket.com/event/octra-fdv-above-one-day-after-launch/octra-fdv-above-300m-one-day-after-launch","$300M","21%","Yes","No","79%","https://polymarket.com/event/octra-fdv-above-one-day-after-launch/octra-fdv-above-400m-one-day-after-launch","$400M","8%","Yes","No","92%","","","","","","","","","","","","","$42k Vol."
"https://polymarket.com/_next/image?url=https%3A%2F%2Fpolymarket-upload.s3.us-east-2.amazonaws.com%2Fwill-kodiak-launch-a-token-by-ZD98gSOAZC7g.jpg&w=1024&q=75","https://polymarket.com/event/will-kodiak-launch-a-token-by","Will Kodiak launch a token by ___ ?","https://polymarket.com/event/will-kodiak-launch-a-token-by/will-kodiak-launch-a-token-by-december-31-2025","December 31, 2025","94%","Yes","No","6%","https://polymarket.com/event/will-kodiak-launch-a-token-by/will-kodiak-launch-a-token-by-march-31-2026","March 31, 2026","98%","2%","https://polymarket.com/event/will-kodiak-launch-a-token-by/will-kodiak-launch-a-token-by-june-30-2026","June 30, 2026","76%","Yes","No","24%","https://polymarket.com/event/will-kodiak-launch-a-token-by/will-kodiak-launch-a-token-by-september-30-2026","September 30, 2026","98%","Yes","No","2%","https://polymarket.com/event/will-kodiak-launch-a-token-by/will-kodiak-launch-a-token-by-december-31-2026","December 31, 2026","98%","Yes","No","2%","","","","","","","$42k Vol."
"https://polymarket.com/_next/image?url=https%3A%2F%2Fpolymarket-upload.s3.us-east-2.amazonaws.com%2Frainbow-fdv-above-one-day-after-launch-_noqG44ZbGLm.png&w=1024&q=75","https://polymarket.com/event/rainbow-fdv-above-one-day-after-launch","Rainbow FDV above ___ one day after launch?","https://polymarket.com/event/rainbow-fdv-above-one-day-after-launch/rainbow-fdv-above-200m-one-day-after-launch-mcy","$200M","6%","Yes","No","94%","https://polymarket.com/event/rainbow-fdv-above-one-day-after-launch/rainbow-fdv-above-500m-one-day-after-launch-636-958","$500M","1%","99%","https://polymarket.com/event/rainbow-fdv-above-one-day-after-launch/rainbow-fdv-above-1b-one-day-after-launch-118-662-499","$1B","1%","Yes","No","99%","https://polymarket.com/event/rainbow-fdv-above-one-day-after-launch/rainbow-fdv-above-3b-one-day-after-launch-443-682-926","$3B","<1%","Yes","No","100%","","","","","","","","","","","","","$257k Vol."
"https://polymarket.com/_next/image?url=https%3A%2F%2Fpolymarket-upload.s3.us-east-2.amazonaws.com%2Fwill-usdai-launch-a-token-in-2025-w6etzDPxY-dL.jpg&w=1024&q=75","https://polymarket.com/event/usdai-fdv-above-one-day-after-launch","USD.AI FDV above ___ one day after launch?","https://polymarket.com/event/usdai-fdv-above-one-day-after-launch/usdai-fdv-above-300m-one-day-after-launch","$300M","77%","Yes","No","23%","https://polymarket.com/event/usdai-fdv-above-one-day-after-launch/usdai-fdv-above-500m-one-day-after-launch","$500M","54%","46%","https://polymarket.com/event/usdai-fdv-above-one-day-after-launch/usdai-fdv-above-800m-one-day-after-launch","$800M","18%","Yes","No","82%","https://polymarket.com/event/usdai-fdv-above-one-day-after-launch/usdai-fdv-above-1b-one-day-after-launch","$1B","16%","Yes","No","84%","https://polymarket.com/event/usdai-fdv-above-one-day-after-launch/usdai-fdv-above-2b-one-day-after-launch","$2B","7%","Yes","No","93%","https://polymarket.com/event/usdai-fdv-above-one-day-after-launch/usdai-fdv-above-3b-one-day-after-launch","$3B","6%","Yes","No","94%","$44k Vol."
"https://polymarket.com/_next/image?url=https%3A%2F%2Fpolymarket-upload.s3.us-east-2.amazonaws.com%2Fwill-backpack-launch-a-token-by-k9RMGR8hRwMJ.jpg&w=1024&q=75","https://polymarket.com/event/backpack-fdv-above-one-day-after-launch","Backpack FDV above ___ one day after launch?","https://polymarket.com/event/backpack-fdv-above-one-day-after-launch/backpack-fdv-above-700m-one-day-after-launch","$700M","63%","Yes","No","37%","https://polymarket.com/event/backpack-fdv-above-one-day-after-launch/backpack-fdv-above-1b-one-day-after-launch-512","$1B","46%","54%","https://polymarket.com/event/backpack-fdv-above-one-day-after-launch/backpack-fdv-above-2b-one-day-after-launch-888","$2B","23%","Yes","No","77%","https://polymarket.com/event/backpack-fdv-above-one-day-after-launch/backpack-fdv-above-3b-one-day-after-launch-659","$3B","9%","Yes","No","91%","https://polymarket.com/event/backpack-fdv-above-one-day-after-launch/backpack-fdv-above-4b-one-day-after-launch-847","$4B","8%","Yes","No","92%","https://polymarket.com/event/backpack-fdv-above-one-day-after-launch/backpack-fdv-above-5b-one-day-after-launch-278","$5B","4%","Yes","No","96%","$331k Vol."
"https://polymarket.com/_next/image?url=https%3A%2F%2Fpolymarket-upload.s3.us-east-2.amazonaws.com%2Fwill-solstice-launch-a-token-by-6xdUTCnxokbI.png&w=1024&q=75","https://polymarket.com/event/will-solstice-launch-a-token-by","Will Solstice launch a token by ___ ?","https://polymarket.com/event/will-solstice-launch-a-token-by/will-solstice-launch-a-token-by-december-31-2025","December 31, 2025","1%","Yes","No","99%","https://polymarket.com/event/will-solstice-launch-a-token-by/will-solstice-launch-a-token-by-march-31-2026","March 31, 2026","91%","9%","https://polymarket.com/event/will-solstice-launch-a-token-by/will-solstice-launch-a-token-by-june-30-2026","June 30, 2026","95%","Yes","No","5%","https://polymarket.com/event/will-solstice-launch-a-token-by/will-solstice-launch-a-token-by-september-30-2026","September 30, 2026","96%","Yes","No","4%","https://polymarket.com/event/will-solstice-launch-a-token-by/will-solstice-launch-a-token-by-december-31-2026","December 31, 2026","97%","Yes","No","3%","","","","","","","$136k Vol."
"https://polymarket.com/_next/image?url=https%3A%2F%2Fpolymarket-upload.s3.us-east-2.amazonaws.com%2Fmetamask-2c974b8baa.png&w=1024&q=75","https://polymarket.com/event/metamask-fdv-above-one-day-after-launch","Metamask FDV above ___ one day after launch?","https://polymarket.com/event/metamask-fdv-above-one-day-after-launch/metamask-fdv-above-700m-one-day-after-launch","$700M","65%","Yes","No","35%","https://polymarket.com/event/metamask-fdv-above-one-day-after-launch/metamask-fdv-above-1b-one-day-after-launch","$1B","55%","45%","https://polymarket.com/event/metamask-fdv-above-one-day-after-launch/metamask-fdv-above-2b-one-day-after-launch","$2B","34%","Yes","No","66%","https://polymarket.com/event/metamask-fdv-above-one-day-after-launch/metamask-fdv-above-3b-one-day-after-launch-363","$3B","20%","Yes","No","80%","https://polymarket.com/event/metamask-fdv-above-one-day-after-launch/metamask-fdv-above-4b-one-day-after-launch","$4B","13%","Yes","No","87%","","","","","","","$230k Vol."
"https://polymarket.com/_next/image?url=https%3A%2F%2Fpolymarket-upload.s3.us-east-2.amazonaws.com%2Fwill-usdai-launch-a-token-in-2025-w6etzDPxY-dL.jpg&w=1024&q=75","https://polymarket.com/event/will-usdai-launch-a-token-in-2025","Will USD.AI launch a token by ___ ?","https://polymarket.com/event/will-usdai-launch-a-token-in-2025/will-usdai-launch-a-token-in-2025","December 31","<1%","Yes","No","100%","https://polymarket.com/event/will-usdai-launch-a-token-in-2025/will-usdai-launch-a-token-by-march-31","March 31, 2026","78%","22%","","","","","","","","","","","","","","","","","","","","","","","","","$75k Vol."
"https://polymarket.com/_next/image?url=https%3A%2F%2Fpolymarket-upload.s3.us-east-2.amazonaws.com%2Faxiom-daily-fees-above-5m-in-2025-3kDE7f1homOF.jpg&w=1024&q=75","https://polymarket.com/event/will-axiom-launch-a-token-in-2025","Will Axiom launch a token by ___ ?","https://polymarket.com/event/will-axiom-launch-a-token-in-2025/will-axiom-launch-a-token-in-2025","December 31, 2025","<1%","Yes","No","100%","https://polymarket.com/event/will-axiom-launch-a-token-in-2025/will-axiom-launch-a-token-by-december-31-2026","December 31, 2026","47%","53%","","","","","","","","","","","","","","","","","","","","","","","","","$10k Vol."
"https://polymarket.com/_next/image?url=https%3A%2F%2Fpolymarket-upload.s3.us-east-2.amazonaws.com%2Fparadex-fdv-above-one-day-after-launch-eR5V5R1Il9Uh.png&w=1024&q=75","https://polymarket.com/event/paradex-fdv-above-one-day-after-launch","Paradex FDV above ___ one day after launch?","https://polymarket.com/event/paradex-fdv-above-one-day-after-launch/paradex-fdv-above-750m-one-day-after-launch","$750M","23%","Yes","No","77%","https://polymarket.com/event/paradex-fdv-above-one-day-after-launch/paradex-fdv-above-1pt5b-one-day-after-launch","$1.5B","14%","86%","https://polymarket.com/event/paradex-fdv-above-one-day-after-launch/paradex-fdv-above-3b-one-day-after-launch","$3B","7%","Yes","No","93%","https://polymarket.com/event/paradex-fdv-above-one-day-after-launch/paradex-fdv-above-5b-one-day-after-launch","$5B","6%","Yes","No","94%","https://polymarket.com/event/paradex-fdv-above-one-day-after-launch/paradex-fdv-above-10b-one-day-after-launch","$10B","3%","Yes","No","97%","","","","","","","$104k Vol."
"https://polymarket.com/_next/image?url=https%3A%2F%2Fpolymarket-upload.s3.us-east-2.amazonaws.com%2Fspacex-ipo-closing-market-cap-eMcPLOPUo_Il.png&w=1024&q=75","https://polymarket.com/event/spacex-ipo-closing-market-cap-above","SpaceX IPO closing market cap above ___ ?","https://polymarket.com/event/spacex-ipo-closing-market-cap-above/spacex-ipo-closing-market-cap-above-1t-528",">$1T","66%","Yes","No","34%","https://polymarket.com/event/spacex-ipo-closing-market-cap-above/spacex-ipo-closing-market-cap-above-1pt2t-954",">$1.2T","41%","59%","https://polymarket.com/event/spacex-ipo-closing-market-cap-above/spacex-ipo-closing-market-cap-above-1pt4t-355",">$1.4T","36%","Yes","No","64%","https://polymarket.com/event/spacex-ipo-closing-market-cap-above/spacex-ipo-closing-market-cap-above-1pt6t",">$1.6T","24%","Yes","No","76%","https://polymarket.com/event/spacex-ipo-closing-market-cap-above/spacex-ipo-closing-market-cap-above-1pt8t",">$1.8T","15%","Yes","No","85%","https://polymarket.com/event/spacex-ipo-closing-market-cap-above/spacex-ipo-closing-market-cap-above-2t-574",">$2T","11%","Yes","No","89%","$29k Vol."
"https://polymarket.com/_next/image?url=https%3A%2F%2Fpolymarket-upload.s3.us-east-2.amazonaws.com%2Fwill-solstice-launch-a-token-by-6xdUTCnxokbI.png&w=1024&q=75","https://polymarket.com/event/solstice-fdv-above-one-day-after-launch","Solstice FDV above ___ one day after launch?","https://polymarket.com/event/solstice-fdv-above-one-day-after-launch/solstice-fdv-above-50m-one-day-after-launch","$50M","88%","Yes","No","12%","https://polymarket.com/event/solstice-fdv-above-one-day-after-launch/solstice-fdv-above-100m-one-day-after-launch","$100M","51%","49%","https://polymarket.com/event/solstice-fdv-above-one-day-after-launch/solstice-fdv-above-200m-one-day-after-launch","$200M","14%","Yes","No","86%","https://polymarket.com/event/solstice-fdv-above-one-day-after-launch/solstice-fdv-above-300m-one-day-after-launch","$300M","6%","Yes","No","94%","https://polymarket.com/event/solstice-fdv-above-one-day-after-launch/solstice-fdv-above-400m-one-day-after-launch","$400M","5%","Yes","No","95%","","","","","","","$34k Vol."
"https://polymarket.com/_next/image?url=https%3A%2F%2Fpolymarket-upload.s3.us-east-2.amazonaws.com%2Fwill-backpack-launch-a-token-by-k9RMGR8hRwMJ.jpg&w=1024&q=75","https://polymarket.com/event/will-backpack-launch-a-token-by","Will Backpack launch a token by ___ ?","https://polymarket.com/event/will-backpack-launch-a-token-by/will-backpack-launch-a-token-by-december-31","December 31, 2025","<1%","Yes","No","100%","https://polymarket.com/event/will-backpack-launch-a-token-by/will-backpack-launch-a-token-by-march-31","March 31, 2026","59%","41%","https://polymarket.com/event/will-backpack-launch-a-token-by/will-backpack-launch-a-token-by-december-31-2026","December 31, 2026","91%","Yes","No","9%","","","","","","","","","","","","","","","","","","","$86k Vol."
"https://polymarket.com/_next/image?url=https%3A%2F%2Fpolymarket-upload.s3.us-east-2.amazonaws.com%2Fhyperliquid-up-or-down-on-may-22-Fyo58T8HF0AC.jpg&w=1024&q=75","https://polymarket.com/event/hyperliquid-airdop-by","Hyperliquid airdrop by ....?","https://polymarket.com/event/hyperliquid-airdop-by/will-hyperliquid-perform-an-airdrop-by-december-31","December 31","1%","Yes","No","99%","https://polymarket.com/event/hyperliquid-airdop-by/will-hyperliquid-perform-an-airdrop-by-december-31-2026","December 31, 2026","71%","29%","","","","","","","","","","","","","","","","","","","","","","","","","$334k Vol."
"https://polymarket.com/_next/image?url=https%3A%2F%2Fpolymarket-upload.s3.us-east-2.amazonaws.com%2Fdaylight-50m-pre-deposit-vault-filled-in-Fgmnm8K-pN5F.jpg&w=1024&q=75","https://polymarket.com/event/will-daylight-launch-a-token-by-312","Will Daylight launch a token by ___?","https://polymarket.com/event/will-daylight-launch-a-token-by-312/will-daylight-launch-a-token-by-december-31-2025-397","December 31, 2025","1%","Yes","No","99%","https://polymarket.com/event/will-daylight-launch-a-token-by-312/will-daylight-launch-a-token-by-march-31-2026-327","March 31, 2026","15%","85%","https://polymarket.com/event/will-daylight-launch-a-token-by-312/will-daylight-launch-a-token-by-june-30-2026-913","June 30, 2026","57%","Yes","No","43%","https://polymarket.com/event/will-daylight-launch-a-token-by-312/will-daylight-launch-a-token-by-september-30-2026-231","September 30, 2026","80%","Yes","No","20%","https://polymarket.com/event/will-daylight-launch-a-token-by-312/will-daylight-launch-a-token-by-december-31-2026-761","December 31, 2026","90%","Yes","No","10%","","","","","","","$10k Vol."
"https://polymarket.com/_next/image?url=https%3A%2F%2Fpolymarket-upload.s3.us-east-2.amazonaws.com%2Fink-fdv-above-one-day-after-launch-GWUvKMLWfZeY.png&w=1024&q=75","https://polymarket.com/event/ink-fdv-above-one-day-after-launch","Ink FDV above ___ one day after launch?","https://polymarket.com/event/ink-fdv-above-one-day-after-launch/ink-fdv-above-500m-one-day-after-launch","$500M","90%","Yes","No","10%","https://polymarket.com/event/ink-fdv-above-one-day-after-launch/ink-fdv-above-1b-one-day-after-launch","$1B","55%","45%","https://polymarket.com/event/ink-fdv-above-one-day-after-launch/ink-fdv-above-2b-one-day-after-launch","$2B","20%","Yes","No","80%","https://polymarket.com/event/ink-fdv-above-one-day-after-launch/ink-fdv-above-3b-one-day-after-launch","$3B","14%","Yes","No","86%","","","","","","","","","","","","","$175k Vol."
"https://polymarket.com/_next/image?url=https%3A%2F%2Fpolymarket-upload.s3.us-east-2.amazonaws.com%2Fwill-variational-launch-a-token-in-2025-ee_1Zk-I3wRG.jpg&w=1024&q=75","https://polymarket.com/event/variational-fdv-above-one-day-after-launch","Variational FDV above ___ one day after launch?","https://polymarket.com/event/variational-fdv-above-one-day-after-launch/variational-fdv-above-800m-one-day-after-launch","$800M","36%","Yes","No","64%","https://polymarket.com/event/variational-fdv-above-one-day-after-launch/variational-fdv-above-1b-one-day-after-launch","$1B","27%","73%","https://polymarket.com/event/variational-fdv-above-one-day-after-launch/variational-fdv-above-2b-one-day-after-launch","$2B","11%","Yes","No","89%","https://polymarket.com/event/variational-fdv-above-one-day-after-launch/variational-fdv-above-3b-one-day-after-launch","$3B","9%","Yes","No","91%","https://polymarket.com/event/variational-fdv-above-one-day-after-launch/variational-fdv-above-4b-one-day-after-launch","$4B","8%","Yes","No","92%","https://polymarket.com/event/variational-fdv-above-one-day-after-launch/variational-fdv-above-5b-one-day-after-launch","$5B","8%","Yes","No","92%","$7k Vol."
"https://polymarket.com/_next/image?url=https%3A%2F%2Fpolymarket-upload.s3.us-east-2.amazonaws.com%2Fwill-prjx-launch-a-token-in-2025-d11klOxtkU1g.jpg&w=1024&q=75","https://polymarket.com/event/will-prjx-launch-a-token-in-2025","Will prjx launch a token by ___ ?","https://polymarket.com/event/will-prjx-launch-a-token-in-2025/will-prjx-launch-a-token-in-2025","December 31, 2025","<1%","Yes","No","100%","https://polymarket.com/event/will-prjx-launch-a-token-in-2025/will-prjx-launch-a-token-by-december-31-2026","December 31, 2026","58%","42%","","","","","","","","","","","","","","","","","","","","","","","","","$14k Vol."
"https://polymarket.com/_next/image?url=https%3A%2F%2Fpolymarket-upload.s3.us-east-2.amazonaws.com%2Fwill-phantom-launch-a-token-in-2025-mfGjqFl1jxqW.png&w=1024&q=75","https://polymarket.com/event/will-phantom-launch-a-token-in-2025","Will Phantom launch a token in 2025?","","","","","","","","","","","","","","","","","","","","","","","","","","","","","","","","","","","$119k Vol."
"https://polymarket.com/_next/image?url=https%3A%2F%2Fpolymarket-upload.s3.us-east-2.amazonaws.com%2Faztec-fdv-above-one-day-after-launch-_sdvaA0aHkUF.jpg&w=1024&q=75","https://polymarket.com/event/aztec-fdv-above-one-day-after-launch","Aztec FDV above ___ one day after launch?","https://polymarket.com/event/aztec-fdv-above-one-day-after-launch/aztec-fdv-above-500m-one-day-after-launch","$500M","46%","Yes","No","54%","https://polymarket.com/event/aztec-fdv-above-one-day-after-launch/aztec-fdv-above-800m-one-day-after-launch","$800M","17%","83%","https://polymarket.com/event/aztec-fdv-above-one-day-after-launch/aztec-fdv-above-1b-one-day-after-launch","$1B","14%","Yes","No","86%","https://polymarket.com/event/aztec-fdv-above-one-day-after-launch/aztec-fdv-above-1pt5b-one-day-after-launch","$1.5B","5%","Yes","No","95%","https://polymarket.com/event/aztec-fdv-above-one-day-after-launch/aztec-fdv-above-2b-one-day-after-launch","$2B","5%","Yes","No","95%","","","","","","","$105k Vol."
"https://polymarket.com/_next/image?url=https%3A%2F%2Fpolymarket-upload.s3.us-east-2.amazonaws.com%2Fwill-felix-protocol-launch-a-token-in-2025-H89Z_IDCaaVY.jpg&w=1024&q=75","https://polymarket.com/event/felix-fdv-above-one-day-after-launch","Felix FDV above ___ one day after launch?","https://polymarket.com/event/felix-fdv-above-one-day-after-launch/felix-protocol-fdv-above-25m-one-day-after-launch","$25M","55%","Yes","No","45%","https://polymarket.com/event/felix-fdv-above-one-day-after-launch/felix-protocol-fdv-above-50m-one-day-after-launch-488","$50M","36%","64%","https://polymarket.com/event/felix-fdv-above-one-day-after-launch/felix-protocol-fdv-above-100m-one-day-after-launch-274-973","$100M","11%","Yes","No","89%","https://polymarket.com/event/felix-fdv-above-one-day-after-launch/felix-protocol-fdv-above-300m-one-day-after-launch-953-129","$300M","7%","Yes","No","93%","https://polymarket.com/event/felix-fdv-above-one-day-after-launch/felix-protocol-fdv-above-500m-one-day-after-launch-477-288","$500M","4%","Yes","No","96%","https://polymarket.com/event/felix-fdv-above-one-day-after-launch/felix-protocol-fdv-above-800m-one-day-after-launch-892-997","$800M","2%","Yes","No","98%","$113k Vol."
"https://polymarket.com/_next/image?url=https%3A%2F%2Fpolymarket-upload.s3.us-east-2.amazonaws.com%2Fwill-unit-launch-a-token-in-2025-5FEfPHWyU7E7.jpg&w=1024&q=75","https://polymarket.com/event/will-unit-launch-a-token-in-2025","Will Unit launch a token by ___ ?","https://polymarket.com/event/will-unit-launch-a-token-in-2025/will-unit-launch-a-token-in-2025","December 31, 2025","<1%","Yes","No","100%","https://polymarket.com/event/will-unit-launch-a-token-in-2025/will-unit-launch-a-token-by-december-31-2026","December 31, 2026","57%","43%","","","","","","","","","","","","","","","","","","","","","","","","","$46k Vol."
"https://polymarket.com/_next/image?url=https%3A%2F%2Fpolymarket-upload.s3.us-east-2.amazonaws.com%2Fwill-aztecs-fdv-exceed-300m-one-day-after-launch-AwgBaV7I_0P8.png&w=1024&q=75","https://polymarket.com/event/will-aztec-launch-a-token-in-2025","Will Aztec launch a token by ___?","https://polymarket.com/event/will-aztec-launch-a-token-in-2025/will-aztec-launch-a-token-in-2025","December 31, 2025","1%","Yes","No","99%","https://polymarket.com/event/will-aztec-launch-a-token-in-2025/will-aztec-launch-a-token-by-december-31-2026","March 31, 2026","87%","13%","","","","","","","","","","","","","","","","","","","","","","","","","$937k Vol."
"https://polymarket.com/_next/image?url=https%3A%2F%2Fpolymarket-upload.s3.us-east-2.amazonaws.com%2Fwill-theo-launch-a-token-by-17OCOQmgtpMs.png&w=1024&q=75","https://polymarket.com/event/theo-fdv-above-one-day-after-launch","Theo FDV above ___ one day after launch?","https://polymarket.com/event/theo-fdv-above-one-day-after-launch/theo-fdv-above-100m-one-day-after-launch","$100M","86%","Yes","No","14%","https://polymarket.com/event/theo-fdv-above-one-day-after-launch/theo-fdv-above-300m-one-day-after-launch","$300M","53%","47%","https://polymarket.com/event/theo-fdv-above-one-day-after-launch/theo-fdv-above-700m-one-day-after-launch","$700M","29%","Yes","No","71%","https://polymarket.com/event/theo-fdv-above-one-day-after-launch/theo-fdv-above-1b-one-day-after-launch","$1B","16%","Yes","No","84%","","","","","","","","","","","","","$26k Vol."
"https://polymarket.com/_next/image?url=https%3A%2F%2Fpolymarket-upload.s3.us-east-2.amazonaws.com%2Fwill-infinex-launch-a-token-this-year-2ODwjGRZqGL-.jpg&w=1024&q=75","https://polymarket.com/event/infinex-fdv-above-one-day-after-launch","Infinex FDV above ___ one day after launch?","https://polymarket.com/event/infinex-fdv-above-one-day-after-launch/infinex-fdv-above-400m-one-day-after-launch","$400M","39%","Yes","No","61%","https://polymarket.com/event/infinex-fdv-above-one-day-after-launch/infinex-fdv-above-600m-one-day-after-launch-441","$600M","32%","68%","https://polymarket.com/event/infinex-fdv-above-one-day-after-launch/infinex-fdv-above-800m-one-day-after-launch-393-111","$800M","17%","Yes","No","83%","https://polymarket.com/event/infinex-fdv-above-one-day-after-launch/infinex-fdv-above-1b-one-day-after-launch-265-983-979","$1B","13%","Yes","No","87%","https://polymarket.com/event/infinex-fdv-above-one-day-after-launch/infinex-fdv-above-2b-one-day-after-launch-941-871-567","$2B","4%","Yes","No","96%","https://polymarket.com/event/infinex-fdv-above-one-day-after-launch/infinex-fdv-above-3b-one-day-after-launch-311-321-238","$3B","3%","Yes","No","97%","$107k Vol."
"https://polymarket.com/_next/image?url=https%3A%2F%2Fpolymarket-upload.s3.us-east-2.amazonaws.com%2Fwill-standx-launch-a-token-in-2025-XZgR89YnRKtF.png&w=1024&q=75","https://polymarket.com/event/will-standx-launch-a-token-in-2025","Will StandX launch a token by ___ ?","https://polymarket.com/event/will-standx-launch-a-token-in-2025/will-standx-launch-a-token-in-2025","December 31, 2025","2%","Yes","No","98%","https://polymarket.com/event/will-standx-launch-a-token-in-2025/will-standx-launch-a-token-by-march-31","March 31","66%","34%","","","","","","","","","","","","","","","","","","","","","","","","","$35k Vol."
"https://polymarket.com/_next/image?url=https%3A%2F%2Fpolymarket-upload.s3.us-east-2.amazonaws.com%2Fwill-arc-launch-a-token-by-xw3lW0k33W0B.jpg&w=1024&q=75","https://polymarket.com/event/will-arc-launch-a-token-by","Will Arc launch a token by ___ ?","https://polymarket.com/event/will-arc-launch-a-token-by/will-arc-launch-a-token-by-december-31-2025","December 31, 2025","<1%","Yes","No","100%","https://polymarket.com/event/will-arc-launch-a-token-by/will-arc-launch-a-token-by-march-31-2026","March 31, 2026","21%","79%","https://polymarket.com/event/will-arc-launch-a-token-by/will-arc-launch-a-token-by-june-30-2026","June 30, 2026","33%","Yes","No","67%","https://polymarket.com/event/will-arc-launch-a-token-by/will-arc-launch-a-token-by-september-30-2026","September 30, 2026","45%","Yes","No","55%","https://polymarket.com/event/will-arc-launch-a-token-by/will-arc-launch-a-token-by-december-31-2026","December 31, 2026","63%","Yes","No","37%","","","","","","","$14k Vol."
"https://polymarket.com/_next/image?url=https%3A%2F%2Fpolymarket-upload.s3.us-east-2.amazonaws.com%2Fwill-consensys-ipo-by-december-31-2025-DwnP5iK2RunK.jpg&w=1024&q=75","https://polymarket.com/event/will-consensys-ipo-by-december-31-2025","Consensys IPO by ___ ?","https://polymarket.com/event/will-consensys-ipo-by-december-31-2025/will-consensys-ipo-by-december-31-2025","December 31, 2025","8%","Yes","No","92%","https://polymarket.com/event/will-consensys-ipo-by-december-31-2025/will-consensys-ipo-by-march-31-2026","March 31, 2026","9%","91%","https://polymarket.com/event/will-consensys-ipo-by-december-31-2025/will-consensys-ipo-by-june-30-2026-144","June 30, 2026","39%","Yes","No","61%","https://polymarket.com/event/will-consensys-ipo-by-december-31-2025/will-consensys-ipo-by-september-30-2026","September 30, 2026","71%","Yes","No","29%","https://polymarket.com/event/will-consensys-ipo-by-december-31-2025/will-consensys-ipo-by-december-31-2026","December 31, 2026","62%","Yes","No","38%","","","","","","","$38k Vol."
"https://polymarket.com/_next/image?url=https%3A%2F%2Fpolymarket-upload.s3.us-east-2.amazonaws.com%2Franger-fdv-above-one-day-after-launch-xNXDXjGh8vSB.jpg&w=1024&q=75","https://polymarket.com/event/ranger-fdv-above-one-day-after-launch","Ranger FDV above ___ one day after launch?","https://polymarket.com/event/ranger-fdv-above-one-day-after-launch/ranger-fdv-above-15m-one-day-after-launch","$15M","88%","Yes","No","12%","https://polymarket.com/event/ranger-fdv-above-one-day-after-launch/ranger-fdv-above-20m-one-day-after-launch","$20M","74%","26%","https://polymarket.com/event/ranger-fdv-above-one-day-after-launch/ranger-fdv-above-30m-one-day-after-launch","$30M","51%","Yes","No","49%","https://polymarket.com/event/ranger-fdv-above-one-day-after-launch/ranger-fdv-above-40m-one-day-after-launch","$40M","47%","Yes","No","53%","https://polymarket.com/event/ranger-fdv-above-one-day-after-launch/ranger-fdv-above-50m-one-day-after-launch","$50M","25%","Yes","No","75%","https://polymarket.com/event/ranger-fdv-above-one-day-after-launch/ranger-fdv-above-60m-one-day-after-launch","$60M","10%","Yes","No","90%","$20k Vol."
"https://polymarket.com/_next/image?url=https%3A%2F%2Fpolymarket-upload.s3.us-east-2.amazonaws.com%2Fwill-ostium-launch-a-token-in-2025-2WMInwUi6onf.jpg&w=1024&q=75","https://polymarket.com/event/will-ostium-launch-a-token-in-2025","Will Ostium launch a token by ___ ?","https://polymarket.com/event/will-ostium-launch-a-token-in-2025/will-ostium-launch-a-token-in-2025","December 31, 2025","<1%","Yes","No","100%","https://polymarket.com/event/will-ostium-launch-a-token-in-2025/will-ostium-launch-a-token-by-december-31-2026","December 31, 2026","67%","33%","","","","","","","","","","","","","","","","","","","","","","","","","$55k Vol."
"https://polymarket.com/_next/image?url=https%3A%2F%2Fpolymarket-upload.s3.us-east-2.amazonaws.com%2Fwill-zama-launch-a-token-in-2025-ZUCE5_QLGUxf.png&w=1024&q=75","https://polymarket.com/event/zama-fdv-above-one-day-after-launch","Zama FDV above ___ one day after launch?","https://polymarket.com/event/zama-fdv-above-one-day-after-launch/zama-fdv-above-800m-one-day-after-launch","$800M","33%","Yes","No","67%","https://polymarket.com/event/zama-fdv-above-one-day-after-launch/zama-fdv-above-1b-one-day-after-launch","$1B","20%","80%","https://polymarket.com/event/zama-fdv-above-one-day-after-launch/zama-fdv-above-2b-one-day-after-launch","$2B","14%","Yes","No","86%","https://polymarket.com/event/zama-fdv-above-one-day-after-launch/zama-fdv-above-3b-one-day-after-launch","$3B","7%","Yes","No","93%","https://polymarket.com/event/zama-fdv-above-one-day-after-launch/zama-fdv-above-4b-one-day-after-launch","$4B","7%","Yes","No","93%","","","","","","","$26k Vol."
"https://polymarket.com/_next/image?url=https%3A%2F%2Fpolymarket-upload.s3.us-east-2.amazonaws.com%2Freya-fdv-above-one-day-after-launch-XOYUN61AHrW4.jpg&w=1024&q=75","https://polymarket.com/event/reya-fdv-above-one-day-after-launch","Reya FDV above ___ one day after launch?","https://polymarket.com/event/reya-fdv-above-one-day-after-launch/reya-fdv-above-150m-one-day-after-launch","$150M","47%","Yes","No","53%","https://polymarket.com/event/reya-fdv-above-one-day-after-launch/reya-fdv-above-200m-one-day-after-launch","$200M","31%","69%","https://polymarket.com/event/reya-fdv-above-one-day-after-launch/reya-fdv-above-300m-one-day-after-launch","$300M","17%","Yes","No","83%","https://polymarket.com/event/reya-fdv-above-one-day-after-launch/reya-fdv-above-400m-one-day-after-launch","$400M","7%","Yes","No","93%","https://polymarket.com/event/reya-fdv-above-one-day-after-launch/reya-fdv-above-1b-one-day-after-launch","$1B","3%","Yes","No","97%","","","","","","","$42k Vol."
"https://polymarket.com/_next/image?url=https%3A%2F%2Fpolymarket-upload.s3.us-east-2.amazonaws.com%2Fwill-extended-launch-a-token-by-D5bpW_p-APnZ.jpg&w=1024&q=75","https://polymarket.com/event/extended-fdv-above-one-day-after-launch","Extended FDV above ___ one day after launch?","https://polymarket.com/event/extended-fdv-above-one-day-after-launch/extended-fdv-above-300m-one-day-after-launch","$300M","52%","Yes","No","48%","https://polymarket.com/event/extended-fdv-above-one-day-after-launch/extended-fdv-above-500m-one-day-after-launch-711","$500M","37%","63%","https://polymarket.com/event/extended-fdv-above-one-day-after-launch/extended-fdv-above-800m-one-day-after-launch-299","$800M","20%","Yes","No","80%","https://polymarket.com/event/extended-fdv-above-one-day-after-launch/extended-fdv-above-1b-one-day-after-launch-166","$1B","16%","Yes","No","84%","https://polymarket.com/event/extended-fdv-above-one-day-after-launch/extended-fdv-above-2b-one-day-after-launch-692","$2B","7%","Yes","No","93%","https://polymarket.com/event/extended-fdv-above-one-day-after-launch/extended-fdv-above-3b-one-day-after-launch-437","$3B","5%","Yes","No","95%","$67k Vol."
"https://polymarket.com/_next/image?url=https%3A%2F%2Fpolymarket-upload.s3.us-east-2.amazonaws.com%2Fopensea-airdrop-before-april-NL2BT2uLD5Ny.png&w=1024&q=75","https://polymarket.com/event/will-opensea-launch-a-token-by","Will Opensea launch a token by December 31?","","","","","","","","","","","","","","","","","","","","","","","","","","","","","","","","","","","$933k Vol."
"https://polymarket.com/_next/image?url=https%3A%2F%2Fpolymarket-upload.s3.us-east-2.amazonaws.com%2Fwill-infinex-launch-a-token-this-year-2ODwjGRZqGL-.jpg&w=1024&q=75","https://polymarket.com/event/will-infinex-launch-a-token-this-year","Will Infinex launch a token by ___ ?","https://polymarket.com/event/will-infinex-launch-a-token-this-year/will-infinex-launch-a-token-this-year","December 31, 2025","1%","Yes","No","99%","https://polymarket.com/event/will-infinex-launch-a-token-this-year/will-infinex-launch-a-token-by-march-31-2026","March 31, 2026","84%","16%","https://polymarket.com/event/will-infinex-launch-a-token-this-year/will-infinex-launch-a-token-by-june-30-2026","June 30, 2026","93%","Yes","No","7%","","","","","","","","","","","","","","","","","","","$69k Vol."
"https://polymarket.com/_next/image?url=https%3A%2F%2Fpolymarket-upload.s3.us-east-2.amazonaws.com%2Fwill-zama-launch-a-token-in-2025-ZUCE5_QLGUxf.png&w=1024&q=75","https://polymarket.com/event/will-zama-launch-a-token-in-2025","Will Zama launch a token in 2025?","","","","","","","","","","","","","","","","","","","","","","","","","","","","","","","","","","","$343k Vol."
"https://polymarket.com/_next/image?url=https%3A%2F%2Fpolymarket-upload.s3.us-east-2.amazonaws.com%2Fwill-theo-launch-a-token-by-17OCOQmgtpMs.png&w=1024&q=75","https://polymarket.com/event/will-theo-launch-a-token-by","Will Theo launch a token by ___ ?","https://polymarket.com/event/will-theo-launch-a-token-by/will-theo-launch-a-token-by-december-31-2025","December 31, 2025","1%","Yes","No","99%","https://polymarket.com/event/will-theo-launch-a-token-by/will-theo-launch-a-token-by-march-31-2026","March 31, 2026","76%","24%","https://polymarket.com/event/will-theo-launch-a-token-by/will-theo-launch-a-token-by-june-30-2026","June 30, 2026","91%","Yes","No","9%","https://polymarket.com/event/will-theo-launch-a-token-by/will-theo-launch-a-token-by-september-30-2026","September 30, 2026","88%","Yes","No","12%","https://polymarket.com/event/will-theo-launch-a-token-by/will-theo-launch-a-token-by-december-31-2026","December 31, 2026","94%","Yes","No","6%","","","","","","","$37k Vol."
"https://polymarket.com/_next/image?url=https%3A%2F%2Fpolymarket-upload.s3.us-east-2.amazonaws.com%2Fwill-hyperbeat-launch-a-token-in-2025-duUaDedydQL1.jpg&w=1024&q=75","https://polymarket.com/event/will-hyperbeat-launch-a-token-in-2025","Will Hyperbeat launch a token in 2025?","","","","","","","","","","","","","","","","","","","","","","","","","","","","","","","","","","","$56k Vol."
"https://polymarket.com/_next/image?url=https%3A%2F%2Fpolymarket-upload.s3.us-east-2.amazonaws.com%2Fhyperbeat-fdv-above-one-day-after-launch-GNbyOv4EDDIG.jpg&w=1024&q=75","https://polymarket.com/event/hyperbeat-fdv-above-one-day-after-launch","Hyperbeat FDV above ___ one day after launch?","https://polymarket.com/event/hyperbeat-fdv-above-one-day-after-launch/hyperbeat-fdv-above-50m-one-day-after-launch","$50M","29%","Yes","No","71%","https://polymarket.com/event/hyperbeat-fdv-above-one-day-after-launch/hyperbeat-fdv-above-100m-one-day-after-launch","$100M","7%","93%","https://polymarket.com/event/hyperbeat-fdv-above-one-day-after-launch/hyperbeat-fdv-above-200m-one-day-after-launch","$200M","1%","Yes","No","99%","https://polymarket.com/event/hyperbeat-fdv-above-one-day-after-launch/hyperbeat-fdv-above-300m-one-day-after-launch","$300M","2%","Yes","No","98%","https://polymarket.com/event/hyperbeat-fdv-above-one-day-after-launch/hyperbeat-fdv-above-400m-one-day-after-launch","$400M","1%","Yes","No","99%","","","","","","","$120k Vol."
"https://polymarket.com/_next/image?url=https%3A%2F%2Fpolymarket-upload.s3.us-east-2.amazonaws.com%2Fwill-extended-launch-a-token-by-D5bpW_p-APnZ.jpg&w=1024&q=75","https://polymarket.com/event/will-extended-launch-a-token-by","Will Extended launch a token by ___ ?","https://polymarket.com/event/will-extended-launch-a-token-by/will-extended-launch-a-token-by-december-31-2025","December 31, 2025","<1%","Yes","No","100%","https://polymarket.com/event/will-extended-launch-a-token-by/will-extended-launch-a-token-by-march-31-2026","March 31, 2026","7%","93%","https://polymarket.com/event/will-extended-launch-a-token-by/will-extended-launch-a-token-by-june-30-2026","June 30, 2026","68%","Yes","No","32%","https://polymarket.com/event/will-extended-launch-a-token-by/will-extended-launch-a-token-by-september-30-2026","September 30, 2026","80%","Yes","No","20%","https://polymarket.com/event/will-extended-launch-a-token-by/will-extended-launch-a-token-by-december-31-2026","December 31, 2026","86%","Yes","No","14%","","","","","","","$96k Vol."
"https://polymarket.com/_next/image?url=https%3A%2F%2Fpolymarket-upload.s3.us-east-2.amazonaws.com%2Fwill-variational-launch-a-token-in-2025-ee_1Zk-I3wRG.jpg&w=1024&q=75","https://polymarket.com/event/will-variational-launch-a-token-in-2025","Will Variational launch a token by ___ ?","https://polymarket.com/event/will-variational-launch-a-token-in-2025/will-variational-launch-a-token-in-2025","December 31, 2025","1%","Yes","No","99%","https://polymarket.com/event/will-variational-launch-a-token-in-2025/will-variational-launch-a-token-by-december-31-2026","December 31, 2026","75%","25%","","","","","","","","","","","","","","","","","","","","","","","","","$54k Vol."
"https://polymarket.com/_next/image?url=https%3A%2F%2Fpolymarket-upload.s3.us-east-2.amazonaws.com%2Fwill-fogo-launch-a-token-by-ERergqgqhwOx.jpg&w=1024&q=75","https://polymarket.com/event/will-fogo-launch-a-token-by","Will Fogo launch a token by ___ ?","https://polymarket.com/event/will-fogo-launch-a-token-by/will-fogo-launch-a-token-by-december-31-2025","December 31, 2025","<1%","Yes","No","100%","https://polymarket.com/event/will-fogo-launch-a-token-by/will-fogo-launch-a-token-by-march-31-2026","March 31, 2026","96%","4%","https://polymarket.com/event/will-fogo-launch-a-token-by/will-fogo-launch-a-token-by-june-30-2026","June 30, 2026","96%","Yes","No","4%","https://polymarket.com/event/will-fogo-launch-a-token-by/will-fogo-launch-a-token-by-september-30-2026","September 30, 2026","99%","Yes","No","1%","https://polymarket.com/event/will-fogo-launch-a-token-by/will-fogo-launch-a-token-by-december-31-2026","December 31, 2026","100%","Yes","No","<1%","","","","","","","$81k Vol."
"https://polymarket.com/_next/image?url=https%3A%2F%2Fpolymarket-upload.s3.us-east-2.amazonaws.com%2Ftabi-fdv-above-one-day-after-launch-hwnak0j9x3Hr.jpg&w=1024&q=75","https://polymarket.com/event/tabi-fdv-above-one-day-after-launch","Tabi FDV above ___ one day after launch?","https://polymarket.com/event/tabi-fdv-above-one-day-after-launch/tabi-fdv-above-500m-one-day-after-launch","$500M","19%","Yes","No","81%","https://polymarket.com/event/tabi-fdv-above-one-day-after-launch/tabi-fdv-above-1b-one-day-after-launch","$1B","5%","95%","https://polymarket.com/event/tabi-fdv-above-one-day-after-launch/tabi-fdv-above-2b-one-day-after-launch","$2B","6%","Yes","No","94%","https://polymarket.com/event/tabi-fdv-above-one-day-after-launch/tabi-fdv-above-3b-one-day-after-launch","$3B","3%","Yes","No","97%","","","","","","","","","","","","","$6k Vol."
"https://polymarket.com/_next/image?url=https%3A%2F%2Fpolymarket-upload.s3.us-east-2.amazonaws.com%2Fparadex-fdv-above-one-day-after-launch-eR5V5R1Il9Uh.png&w=1024&q=75","https://polymarket.com/event/will-paradex-launch-a-token-by","Will Paradex launch a token by ___?","https://polymarket.com/event/will-paradex-launch-a-token-by/will-paradex-launch-a-token-by-december-31-2025","December 31, 2025","1%","Yes","No","99%","https://polymarket.com/event/will-paradex-launch-a-token-by/will-paradex-launch-a-token-by-december-31-2025-64ac","February 28, 2026","67%","33%","https://polymarket.com/event/will-paradex-launch-a-token-by/will-paradex-launch-a-token-by-march-31-2026-328","March 31, 2026","89%","Yes","No","11%","https://polymarket.com/event/will-paradex-launch-a-token-by/will-paradex-launch-a-token-by-april-30-2026","April 30, 2026","95%","Yes","No","5%","https://polymarket.com/event/will-paradex-launch-a-token-by/will-paradex-launch-a-token-by-may-31-2026-jifd","May 31, 2026","84%","Yes","No","16%","https://polymarket.com/event/will-paradex-launch-a-token-by/will-paradex-launch-a-token-by-june-30-2026-979-291-481","June 30, 2026","95%","Yes","No","5%","$33k Vol."
"https://polymarket.com/_next/image?url=https%3A%2F%2Fpolymarket-upload.s3.us-east-2.amazonaws.com%2Fwill-gmgn-launch-a-token-by-2xql977Opbix.jpg&w=1024&q=75","https://polymarket.com/event/will-gmgn-launch-a-token-by","Will GMGN launch a token by ___ ?","https://polymarket.com/event/will-gmgn-launch-a-token-by/will-gmgn-launch-a-token-by-december-31-2025","December 31, 2025","2%","Yes","No","98%","https://polymarket.com/event/will-gmgn-launch-a-token-by/will-gmgn-launch-a-token-by-march-31-2026","March 31, 2026","7%","93%","https://polymarket.com/event/will-gmgn-launch-a-token-by/will-gmgn-launch-a-token-by-december-31-2026","December 31, 2026","32%","Yes","No","68%","","","","","","","","","","","","","","","","","","","$56k Vol."
"https://polymarket.com/_next/image?url=https%3A%2F%2Fpolymarket-upload.s3.us-east-2.amazonaws.com%2Fwill-pacifica-launch-a-token-by-_F1le2wsW8WR.jpg&w=1024&q=75","https://polymarket.com/event/will-pacifica-launch-a-token-by","Will Pacifica launch a token by ___ ?","https://polymarket.com/event/will-pacifica-launch-a-token-by/will-pacifica-launch-a-token-by-december-31-2025","December 31 2025","1%","Yes","No","99%","https://polymarket.com/event/will-pacifica-launch-a-token-by/will-pacifica-launch-a-token-by-march-31-2026","March 31 2026","8%","92%","https://polymarket.com/event/will-pacifica-launch-a-token-by/will-pacifica-launch-a-token-by-june-30-2026","June 30 2026","54%","Yes","No","46%","https://polymarket.com/event/will-pacifica-launch-a-token-by/will-pacifica-launch-a-token-by-september-30-2026","September 30 2026","65%","Yes","No","35%","https://polymarket.com/event/will-pacifica-launch-a-token-by/will-pacifica-launch-a-token-by-december-31-2026","December 31 2026","89%","Yes","No","11%","","","","","","","$20k Vol."
"https://polymarket.com/_next/image?url=https%3A%2F%2Fpolymarket-upload.s3.us-east-2.amazonaws.com%2Fmakina-public-sale-total-commitments-VPWKV6s2A-Bm.jpg&w=1024&q=75","https://polymarket.com/event/makina-fdv-above-one-day-after-launch","Makina FDV above ___ one day after launch?","https://polymarket.com/event/makina-fdv-above-one-day-after-launch/makina-fdv-above-80m-one-day-after-launch","$80M","20%","Yes","No","80%","https://polymarket.com/event/makina-fdv-above-one-day-after-launch/makina-fdv-above-100m-one-day-after-launch","$100M","16%","84%","https://polymarket.com/event/makina-fdv-above-one-day-after-launch/makina-fdv-above-200m-one-day-after-launch","$200M","10%","Yes","No","90%","https://polymarket.com/event/makina-fdv-above-one-day-after-launch/makina-fdv-above-300m-one-day-after-launch","$300M","7%","Yes","No","93%","","","","","","","","","","","","","$11k Vol."
"https://polymarket.com/_next/image?url=https%3A%2F%2Fpolymarket-upload.s3.us-east-2.amazonaws.com%2Fwill-kraken-ipo-in-2024--_GT-GzKWtUW.jpg&w=1024&q=75","https://polymarket.com/event/kraken-ipo-closing-market-cap-above","Kraken IPO closing market cap above ___ ?","https://polymarket.com/event/kraken-ipo-closing-market-cap-above/kraken-ipo-closing-market-cap-above-16b","$16B","82%","Yes","No","18%","https://polymarket.com/event/kraken-ipo-closing-market-cap-above/kraken-ipo-closing-market-cap-above-18b","$18B","77%","23%","https://polymarket.com/event/kraken-ipo-closing-market-cap-above/kraken-ipo-closing-market-cap-above-20b","$20B","84%","Yes","No","16%","https://polymarket.com/event/kraken-ipo-closing-market-cap-above/kraken-ipo-closing-market-cap-above-22b","$22B","37%","Yes","No","63%","https://polymarket.com/event/kraken-ipo-closing-market-cap-above/kraken-ipo-closing-market-cap-above-24b","$24B","40%","Yes","No","60%","https://polymarket.com/event/kraken-ipo-closing-market-cap-above/kraken-ipo-closing-market-cap-above-26b","$26B","27%","Yes","No","73%","$68k Vol."
"https://polymarket.com/_next/image?url=https%3A%2F%2Fpolymarket-upload.s3.us-east-2.amazonaws.com%2Fwill-pacifica-launch-a-token-by-_F1le2wsW8WR.jpg&w=1024&q=75","https://polymarket.com/event/pacifica-fdv-above-one-day-after-launch","Pacifica FDV above ___ one day after launch?","https://polymarket.com/event/pacifica-fdv-above-one-day-after-launch/pacifica-fdv-above-500m-one-day-after-launch","$500M","40%","Yes","No","60%","https://polymarket.com/event/pacifica-fdv-above-one-day-after-launch/pacifica-fdv-above-800m-one-day-after-launch","$800M","21%","79%","https://polymarket.com/event/pacifica-fdv-above-one-day-after-launch/pacifica-fdv-above-1b-one-day-after-launch","$1B","14%","Yes","No","86%","https://polymarket.com/event/pacifica-fdv-above-one-day-after-launch/pacifica-fdv-above-2b-one-day-after-launch","$2B","11%","Yes","No","89%","https://polymarket.com/event/pacifica-fdv-above-one-day-after-launch/pacifica-fdv-above-3b-one-day-after-launch","$3B","3%","Yes","No","97%","","","","","","","$11k Vol."
"https://polymarket.com/_next/image?url=https%3A%2F%2Fpolymarket-upload.s3.us-east-2.amazonaws.com%2Fwill-ventuals-launch-a-token-by-g8QR7UEEfbQ6.png&w=1024&q=75","https://polymarket.com/event/ventuals-fdv-above-one-day-after-launch","Ventuals FDV above ___ one day after launch?","https://polymarket.com/event/ventuals-fdv-above-one-day-after-launch/ventuals-fdv-above-300m-one-day-after-launch","$300M","14%","Yes","No","86%","https://polymarket.com/event/ventuals-fdv-above-one-day-after-launch/ventuals-fdv-above-500m-one-day-after-launch","$500M","9%","91%","https://polymarket.com/event/ventuals-fdv-above-one-day-after-launch/ventuals-fdv-above-800m-one-day-after-launch","$800M","8%","Yes","No","92%","https://polymarket.com/event/ventuals-fdv-above-one-day-after-launch/ventuals-fdv-above-1b-one-day-after-launch","$1B","6%","Yes","No","94%","https://polymarket.com/event/ventuals-fdv-above-one-day-after-launch/ventuals-fdv-above-1pt5b-one-day-after-launch","$1.5B","5%","Yes","No","95%","https://polymarket.com/event/ventuals-fdv-above-one-day-after-launch/ventuals-fdv-above-2b-one-day-after-launch","$2B","4%","Yes","No","96%","$15k Vol."
"https://polymarket.com/_next/image?url=https%3A%2F%2Fpolymarket-upload.s3.us-east-2.amazonaws.com%2Fwill-ventuals-launch-a-token-by-g8QR7UEEfbQ6.png&w=1024&q=75","https://polymarket.com/event/will-ventuals-launch-a-token-by","Will Ventuals launch a token by ___ ?","https://polymarket.com/event/will-ventuals-launch-a-token-by/will-ventuals-launch-a-token-by-december-31-2025","December 31 2025","1%","Yes","No","99%","https://polymarket.com/event/will-ventuals-launch-a-token-by/will-ventuals-launch-a-token-by-march-31-2026","March 31 2026","14%","86%","https://polymarket.com/event/will-ventuals-launch-a-token-by/will-ventuals-launch-a-token-by-june-30-2026","June 30 2026","57%","Yes","No","43%","https://polymarket.com/event/will-ventuals-launch-a-token-by/will-ventuals-launch-a-token-by-september-30-2026","September 30 2026","76%","Yes","No","24%","https://polymarket.com/event/will-ventuals-launch-a-token-by/will-ventuals-launch-a-token-by-december-31-2026","December 31 2026","66%","Yes","No","34%","","","","","","","$10k Vol."
"https://polymarket.com/_next/image?url=https%3A%2F%2Fpolymarket-upload.s3.us-east-2.amazonaws.com%2Ftoken-launch-party-parlay-XtoBuRoW_Jk3.jpg&w=1024&q=75","https://polymarket.com/event/token-launch-party-parlay","Token Launch Party Parlay","","","","","","","","","","","","","","","","","","","","","","","","","","","","","","","","","","","$19k Vol."
"https://polymarket.com/_next/image?url=https%3A%2F%2Fpolymarket-upload.s3.us-east-2.amazonaws.com%2Fwill-rabby-launch-a-token-in-2025-ThrEF3vsCsD0.png&w=1024&q=75","https://polymarket.com/event/will-rabby-launch-a-token-in-2025","Will Rabby launch a token in 2025?","","","","","","","","","","","","","","","","","","","","","","","","","","","","","","","","","","","$108k Vol."
"https://polymarket.com/_next/image?url=https%3A%2F%2Fpolymarket-upload.s3.us-east-2.amazonaws.com%2Fwill-felix-protocol-launch-a-token-in-2025-H89Z_IDCaaVY.jpg&w=1024&q=75","https://polymarket.com/event/will-felix-protocol-launch-a-token-in-2025","Will Felix Protocol launch a token by ___ ?","https://polymarket.com/event/will-felix-protocol-launch-a-token-in-2025/will-felix-protocol-launch-a-token-in-2025","December 31, 2025","1%","Yes","No","99%","https://polymarket.com/event/will-felix-protocol-launch-a-token-in-2025/will-felix-protocol-launch-a-token-by-december-31-2026","December 31, 2026","83%","17%","","","","","","","","","","","","","","","","","","","","","","","","","$19k Vol."
"https://polymarket.com/_next/image?url=https%3A%2F%2Fpolymarket-upload.s3.us-east-2.amazonaws.com%2Fwill-ostium-launch-a-token-in-2025-2WMInwUi6onf.jpg&w=1024&q=75","https://polymarket.com/event/ostium-fdv-above-one-day-after-launch","Ostium FDV above ___ one day after launch?","https://polymarket.com/event/ostium-fdv-above-one-day-after-launch/ostium-fdv-above-700m-one-day-after-launch","$700M","22%","Yes","No","78%","https://polymarket.com/event/ostium-fdv-above-one-day-after-launch/ostium-fdv-above-1b-one-day-after-launch","$1B","16%","84%","https://polymarket.com/event/ostium-fdv-above-one-day-after-launch/ostium-fdv-above-2b-one-day-after-launch","$2B","6%","Yes","No","94%","https://polymarket.com/event/ostium-fdv-above-one-day-after-launch/ostium-fdv-above-3b-one-day-after-launch","$3B","6%","Yes","No","94%","https://polymarket.com/event/ostium-fdv-above-one-day-after-launch/ostium-fdv-above-4b-one-day-after-launch","$4B","4%","Yes","No","96%","","","","","","","$18k Vol."
"https://polymarket.com/_next/image?url=https%3A%2F%2Fpolymarket-upload.s3.us-east-2.amazonaws.com%2Fwill-spark-launch-a-token-by-3-j5Zt1xncSA.jpg&w=1024&q=75","https://polymarket.com/event/will-spark-launch-a-token-by","Will Spark launch a token by ___ ?","https://polymarket.com/event/will-spark-launch-a-token-by/will-spark-launch-a-token-by-december-31","December 31, 2025","2%","Yes","No","98%","https://polymarket.com/event/will-spark-launch-a-token-by/will-spark-launch-a-token-by-march-31","March 31, 2026","28%","72%","https://polymarket.com/event/will-spark-launch-a-token-by/will-spark-launch-a-token-by-december-31-2026","December 31, 2026","50%","Yes","No","50%","","","","","","","","","","","","","","","","","","","$5k Vol."
"https://polymarket.com/_next/image?url=https%3A%2F%2Fpolymarket-upload.s3.us-east-2.amazonaws.com%2Fwill-consensys-ipo-by-december-31-2025-DwnP5iK2RunK.jpg&w=1024&q=75","https://polymarket.com/event/consensys-ipo-closing-market-cap-above","Consensys IPO closing market cap above ___ ?","https://polymarket.com/event/consensys-ipo-closing-market-cap-above/consensys-ipo-closing-market-cap-above-1b","$1B","83%","Yes","No","17%","https://polymarket.com/event/consensys-ipo-closing-market-cap-above/consensys-ipo-closing-market-cap-above-2b","$2B","62%","38%","https://polymarket.com/event/consensys-ipo-closing-market-cap-above/consensys-ipo-closing-market-cap-above-3b","$3B","54%","Yes","No","46%","","","","","","","","","","","","","","","","","","","$230k Vol."